file,line,type,commit,author,date,time,timezone,datetime,depth,length
style.css,1,css,96bc5f37,Rocio,2026-04-10,14:20:50,-07:00,2026-04-10T14:20:50-07:00,0,5
style.css,2,css,96bc5f37,Rocio,2026-04-10,14:20:50,-07:00,2026-04-10T14:20:50-07:00,1,34
style.css,3,css,a2427269,Rocio,2026-04-17,08:13:49,-07:00,2026-04-17T08:13:49-07:00,1,23
style.css,4,css,96bc5f37,Rocio,2026-04-10,14:20:50,-07:00,2026-04-10T14:20:50-07:00,0,0
style.css,5,css,96bc5f37,Rocio,2026-04-10,14:20:50,-07:00,2026-04-10T14:20:50-07:00,0,0
style.css,6,css,1dd2197c,Rocio,2026-04-03,16:12:22,-07:00,2026-04-03T16:12:22-07:00,0,4
style.css,7,css,1dd2197c,Rocio,2026-04-03,16:12:22,-07:00,2026-04-03T16:12:22-07:00,2,23
style.css,8,css,70754dfb,Rocio,2026-04-10,11:41:21,-07:00,2026-04-10T11:41:21-07:00,2,15
style.css,9,css,70754dfb,Rocio,2026-04-10,11:41:21,-07:00,2026-04-10T11:41:21-07:00,2,42
style.css,10,css,96bc5f37,Rocio,2026-04-10,14:20:50,-07:00,2026-04-10T14:20:50-07:00,2,12
style.css,11,css,96bc5f37,Rocio,2026-04-10,14:20:50,-07:00,2026-04-10T14:20:50-07:00,1,0
style.css,12,css,96bc5f37,Rocio,2026-04-10,14:20:50,-07:00,2026-04-10T14:20:50-07:00,0,0
style.css,13,css,96bc5f37,Rocio,2026-04-10,14:20:50,-07:00,2026-04-10T14:20:50-07:00,0,3
style.css,14,css,96bc5f37,Rocio,2026-04-10,14:20:50,-07:00,2026-04-10T14:20:50-07:00,1,12
style.css,15,css,a2427269,Rocio,2026-04-17,08:13:49,-07:00,2026-04-17T08:13:49-07:00,1,39
style.css,16,css,96bc5f37,Rocio,2026-04-10,14:20:50,-07:00,2026-04-10T14:20:50-07:00,0,0
style.css,17,css,96bc5f37,Rocio,2026-04-10,14:20:50,-07:00,2026-04-10T14:20:50-07:00,0,0
style.css,18,css,96bc5f37,Rocio,2026-04-10,14:20:50,-07:00,2026-04-10T14:20:50-07:00,0,5
style.css,19,css,96bc5f37,Rocio,2026-04-10,14:20:50,-07:00,2026-04-10T14:20:50-07:00,1,6
style.css,20,css,96bc5f37,Rocio,2026-04-10,14:20:50,-07:00,2026-04-10T14:20:50-07:00,1,17
style.css,21,css,96bc5f37,Rocio,2026-04-10,14:20:50,-07:00,2026-04-10T14:20:50-07:00,1,20
style.css,22,css,96bc5f37,Rocio,2026-04-10,14:20:50,-07:00,2026-04-10T14:20:50-07:00,1,13
style.css,23,css,96bc5f37,Rocio,2026-04-10,14:20:50,-07:00,2026-04-10T14:20:50-07:00,1,17
style.css,24,css,96bc5f37,Rocio,2026-04-10,14:20:50,-07:00,2026-04-10T14:20:50-07:00,1,13
style.css,25,css,96bc5f37,Rocio,2026-04-10,14:20:50,-07:00,2026-04-10T14:20:50-07:00,1,18
style.css,26,css,96bc5f37,Rocio,2026-04-10,14:20:50,-07:00,2026-04-10T14:20:50-07:00,1,23
style.css,27,css,96bc5f37,Rocio,2026-04-10,14:20:50,-07:00,2026-04-10T14:20:50-07:00,1,25
style.css,28,css,a2427269,Rocio,2026-04-17,08:13:49,-07:00,2026-04-17T08:13:49-07:00,1,39
style.css,29,css,96bc5f37,Rocio,2026-04-10,14:20:50,-07:00,2026-04-10T14:20:50-07:00,0,0
style.css,30,css,96bc5f37,Rocio,2026-04-10,14:20:50,-07:00,2026-04-10T14:20:50-07:00,0,0
style.css,31,css,96bc5f37,Rocio,2026-04-10,14:20:50,-07:00,2026-04-10T14:20:50-07:00,0,13
style.css,32,css,96bc5f37,Rocio,2026-04-10,14:20:50,-07:00,2026-04-10T14:20:50-07:00,1,28
style.css,33,css,96bc5f37,Rocio,2026-04-10,14:20:50,-07:00,2026-04-10T14:20:50-07:00,1,18
style.css,34,css,96bc5f37,Rocio,2026-04-10,14:20:50,-07:00,2026-04-10T14:20:50-07:00,0,0
style.css,35,css,96bc5f37,Rocio,2026-04-10,14:20:50,-07:00,2026-04-10T14:20:50-07:00,0,0
style.css,36,css,96bc5f37,Rocio,2026-04-10,14:20:50,-07:00,2026-04-10T14:20:50-07:00,0,11
style.css,37,css,96bc5f37,Rocio,2026-04-10,14:20:50,-07:00,2026-04-10T14:20:50-07:00,1,43
style.css,38,css,a2427269,Rocio,2026-04-17,08:13:49,-07:00,2026-04-17T08:13:49-07:00,1,69
style.css,39,css,96bc5f37,Rocio,2026-04-10,14:20:50,-07:00,2026-04-10T14:20:50-07:00,0,0
style.css,40,css,96bc5f37,Rocio,2026-04-10,14:20:50,-07:00,2026-04-10T14:20:50-07:00,0,0
style.css,41,css,96bc5f37,Rocio,2026-04-10,14:20:50,-07:00,2026-04-10T14:20:50-07:00,0,3
style.css,42,css,96bc5f37,Rocio,2026-04-10,14:20:50,-07:00,2026-04-10T14:20:50-07:00,1,12
style.css,43,css,96bc5f37,Rocio,2026-04-10,14:20:50,-07:00,2026-04-10T14:20:50-07:00,1,30
style.css,44,css,96bc5f37,Rocio,2026-04-10,14:20:50,-07:00,2026-04-10T14:20:50-07:00,1,18
style.css,45,css,96bc5f37,Rocio,2026-04-10,14:20:50,-07:00,2026-04-10T14:20:50-07:00,1,7
style.css,46,css,96bc5f37,Rocio,2026-04-10,14:20:50,-07:00,2026-04-10T14:20:50-07:00,0,0
style.css,47,css,96bc5f37,Rocio,2026-04-10,14:20:50,-07:00,2026-04-10T14:20:50-07:00,0,0
style.css,48,css,96bc5f37,Rocio,2026-04-10,14:20:50,-07:00,2026-04-10T14:20:50-07:00,0,9
style.css,49,css,96bc5f37,Rocio,2026-04-10,14:20:50,-07:00,2026-04-10T14:20:50-07:00,1,12
style.css,50,css,96bc5f37,Rocio,2026-04-10,14:20:50,-07:00,2026-04-10T14:20:50-07:00,1,58
style.css,51,css,96bc5f37,Rocio,2026-04-10,14:20:50,-07:00,2026-04-10T14:20:50-07:00,1,7
style.css,52,css,96bc5f37,Rocio,2026-04-10,14:20:50,-07:00,2026-04-10T14:20:50-07:00,1,19
style.css,53,css,96bc5f37,Rocio,2026-04-10,14:20:50,-07:00,2026-04-10T14:20:50-07:00,0,0
style.css,54,css,96bc5f37,Rocio,2026-04-10,14:20:50,-07:00,2026-04-10T14:20:50-07:00,0,0
style.css,55,css,96bc5f37,Rocio,2026-04-10,14:20:50,-07:00,2026-04-10T14:20:50-07:00,0,17
style.css,56,css,96bc5f37,Rocio,2026-04-10,14:20:50,-07:00,2026-04-10T14:20:50-07:00,1,12
style.css,57,css,96bc5f37,Rocio,2026-04-10,14:20:50,-07:00,2026-04-10T14:20:50-07:00,1,26
style.css,58,css,96bc5f37,Rocio,2026-04-10,14:20:50,-07:00,2026-04-10T14:20:50-07:00,1,15
style.css,59,css,96bc5f37,Rocio,2026-04-10,14:20:50,-07:00,2026-04-10T14:20:50-07:00,1,7
style.css,60,css,96bc5f37,Rocio,2026-04-10,14:20:50,-07:00,2026-04-10T14:20:50-07:00,0,0
style.css,61,css,96bc5f37,Rocio,2026-04-10,14:20:50,-07:00,2026-04-10T14:20:50-07:00,0,0
style.css,62,css,96bc5f37,Rocio,2026-04-10,14:20:50,-07:00,2026-04-10T14:20:50-07:00,0,12
style.css,63,css,96bc5f37,Rocio,2026-04-10,14:20:50,-07:00,2026-04-10T14:20:50-07:00,1,8
style.css,64,css,96bc5f37,Rocio,2026-04-10,14:20:50,-07:00,2026-04-10T14:20:50-07:00,0,0
style.css,65,css,96bc5f37,Rocio,2026-04-10,14:20:50,-07:00,2026-04-10T14:20:50-07:00,0,0
style.css,66,css,96bc5f37,Rocio,2026-04-10,14:20:50,-07:00,2026-04-10T14:20:50-07:00,0,2
style.css,67,css,96bc5f37,Rocio,2026-04-10,14:20:50,-07:00,2026-04-10T14:20:50-07:00,1,14
style.css,68,css,96bc5f37,Rocio,2026-04-10,14:20:50,-07:00,2026-04-10T14:20:50-07:00,0,0
style.css,69,css,96bc5f37,Rocio,2026-04-10,14:20:50,-07:00,2026-04-10T14:20:50-07:00,0,0
style.css,70,css,96bc5f37,Rocio,2026-04-10,14:20:50,-07:00,2026-04-10T14:20:50-07:00,0,22
style.css,71,css,96bc5f37,Rocio,2026-04-10,14:20:50,-07:00,2026-04-10T14:20:50-07:00,1,15
style.css,72,css,96bc5f37,Rocio,2026-04-10,14:20:50,-07:00,2026-04-10T14:20:50-07:00,1,17
style.css,73,css,96bc5f37,Rocio,2026-04-10,14:20:50,-07:00,2026-04-10T14:20:50-07:00,0,0
style.css,74,css,96bc5f37,Rocio,2026-04-10,14:20:50,-07:00,2026-04-10T14:20:50-07:00,0,0
style.css,75,css,a2427269,Rocio,2026-04-17,08:13:49,-07:00,2026-04-17T08:13:49-07:00,0,13
style.css,76,css,a2427269,Rocio,2026-04-17,08:13:49,-07:00,2026-04-17T08:13:49-07:00,1,17
style.css,77,css,a2427269,Rocio,2026-04-17,08:13:49,-07:00,2026-04-17T08:13:49-07:00,1,7
style.css,78,css,a2427269,Rocio,2026-04-17,08:13:49,-07:00,2026-04-17T08:13:49-07:00,1,9
style.css,79,css,a2427269,Rocio,2026-04-17,08:13:49,-07:00,2026-04-17T08:13:49-07:00,0,0
style.css,80,css,a2427269,Rocio,2026-04-17,08:13:49,-07:00,2026-04-17T08:13:49-07:00,0,0
style.css,81,css,22fa34af,Rocio,2026-04-24,18:11:28,-07:00,2026-04-24T18:11:28-07:00,0,17
style.css,82,css,22fa34af,Rocio,2026-04-24,18:11:28,-07:00,2026-04-24T18:11:28-07:00,1,12
style.css,83,css,22fa34af,Rocio,2026-04-24,18:11:28,-07:00,2026-04-24T18:11:28-07:00,1,58
style.css,84,css,22fa34af,Rocio,2026-04-24,18:11:28,-07:00,2026-04-24T18:11:28-07:00,1,8
style.css,85,css,22fa34af,Rocio,2026-04-24,18:11:28,-07:00,2026-04-24T18:11:28-07:00,1,17
style.css,86,css,22fa34af,Rocio,2026-04-24,18:11:28,-07:00,2026-04-24T18:11:28-07:00,0,0
style.css,87,css,22fa34af,Rocio,2026-04-24,18:11:28,-07:00,2026-04-24T18:11:28-07:00,0,0
style.css,88,css,22fa34af,Rocio,2026-04-24,18:11:28,-07:00,2026-04-24T18:11:28-07:00,0,17
style.css,89,css,22fa34af,Rocio,2026-04-24,18:11:28,-07:00,2026-04-24T18:11:28-07:00,1,42
style.css,90,css,22fa34af,Rocio,2026-04-24,18:11:28,-07:00,2026-04-24T18:11:28-07:00,1,16
style.css,91,css,22fa34af,Rocio,2026-04-24,18:11:28,-07:00,2026-04-24T18:11:28-07:00,0,0
style.css,92,css,22fa34af,Rocio,2026-04-24,18:11:28,-07:00,2026-04-24T18:11:28-07:00,0,0
style.css,93,css,22fa34af,Rocio,2026-04-24,18:11:28,-07:00,2026-04-24T18:11:28-07:00,0,17
style.css,94,css,22fa34af,Rocio,2026-04-24,18:11:28,-07:00,2026-04-24T18:11:28-07:00,1,45
style.css,95,css,22fa34af,Rocio,2026-04-24,18:11:28,-07:00,2026-04-24T18:11:28-07:00,1,8
style.css,96,css,22fa34af,Rocio,2026-04-24,18:11:28,-07:00,2026-04-24T18:11:28-07:00,0,0
style.css,97,css,f3535272,Rocio,2026-05-01,15:19:04,-07:00,2026-05-01T15:19:04-07:00,0,0
style.css,98,css,f3535272,Rocio,2026-05-01,15:19:04,-07:00,2026-05-01T15:19:04-07:00,0,13
style.css,99,css,f3535272,Rocio,2026-05-01,15:19:04,-07:00,2026-05-01T15:19:04-07:00,1,30
style.css,100,css,f3535272,Rocio,2026-05-01,15:19:04,-07:00,2026-05-01T15:19:04-07:00,1,34
style.css,101,css,f3535272,Rocio,2026-05-01,15:19:04,-07:00,2026-05-01T15:19:04-07:00,1,49
style.css,102,css,f3535272,Rocio,2026-05-01,15:19:04,-07:00,2026-05-01T15:19:04-07:00,1,17
style.css,103,css,f3535272,Rocio,2026-05-01,15:19:04,-07:00,2026-05-01T15:19:04-07:00,0,0
style.css,104,css,f3535272,Rocio,2026-05-01,15:19:04,-07:00,2026-05-01T15:19:04-07:00,0,0
style.css,105,css,f3535272,Rocio,2026-05-01,15:19:04,-07:00,2026-05-01T15:19:04-07:00,0,14
style.css,106,css,f3535272,Rocio,2026-05-01,15:19:04,-07:00,2026-05-01T15:19:04-07:00,1,14
style.css,107,css,f3535272,Rocio,2026-05-01,15:19:04,-07:00,2026-05-01T15:19:04-07:00,1,16
style.css,108,css,f3535272,Rocio,2026-05-01,15:19:04,-07:00,2026-05-01T15:19:04-07:00,0,0
style.css,109,css,f3535272,Rocio,2026-05-01,15:19:04,-07:00,2026-05-01T15:19:04-07:00,1,16
style.css,110,css,f3535272,Rocio,2026-05-01,15:19:04,-07:00,2026-05-01T15:19:04-07:00,0,0
style.css,111,css,f3535272,Rocio,2026-05-01,15:19:04,-07:00,2026-05-01T15:19:04-07:00,0,0
style.css,112,css,f3535272,Rocio,2026-05-01,15:19:04,-07:00,2026-05-01T15:19:04-07:00,0,7
style.css,113,css,f3535272,Rocio,2026-05-01,15:19:04,-07:00,2026-05-01T15:19:04-07:00,1,12
style.css,114,css,f3535272,Rocio,2026-05-01,15:19:04,-07:00,2026-05-01T15:19:04-07:00,1,57
style.css,115,css,f3535272,Rocio,2026-05-01,15:19:04,-07:00,2026-05-01T15:19:04-07:00,1,7
style.css,116,css,f3535272,Rocio,2026-05-01,15:19:04,-07:00,2026-05-01T15:19:04-07:00,1,11
style.css,117,css,f3535272,Rocio,2026-05-01,15:19:04,-07:00,2026-05-01T15:19:04-07:00,1,16
style.css,118,css,f3535272,Rocio,2026-05-01,15:19:04,-07:00,2026-05-01T15:19:04-07:00,1,60
style.css,119,css,f3535272,Rocio,2026-05-01,15:19:04,-07:00,2026-05-01T15:19:04-07:00,1,19
style.css,120,css,f3535272,Rocio,2026-05-01,15:19:04,-07:00,2026-05-01T15:19:04-07:00,1,15
style.css,121,css,f3535272,Rocio,2026-05-01,15:19:04,-07:00,2026-05-01T15:19:04-07:00,0,0
style.css,122,css,f3535272,Rocio,2026-05-01,15:19:04,-07:00,2026-05-01T15:19:04-07:00,0,0
style.css,123,css,f3535272,Rocio,2026-05-01,15:19:04,-07:00,2026-05-01T15:19:04-07:00,0,12
style.css,124,css,f3535272,Rocio,2026-05-01,15:19:04,-07:00,2026-05-01T15:19:04-07:00,1,12
style.css,125,css,f3535272,Rocio,2026-05-01,15:19:04,-07:00,2026-05-01T15:19:04-07:00,1,18
style.css,126,css,f3535272,Rocio,2026-05-01,15:19:04,-07:00,2026-05-01T15:19:04-07:00,1,9
style.css,127,css,f3535272,Rocio,2026-05-01,15:19:04,-07:00,2026-05-01T15:19:04-07:00,0,0
style.css,128,css,f3535272,Rocio,2026-05-01,15:19:04,-07:00,2026-05-01T15:19:04-07:00,0,0
style.css,129,css,f3535272,Rocio,2026-05-01,15:19:04,-07:00,2026-05-01T15:19:04-07:00,0,7
style.css,130,css,f3535272,Rocio,2026-05-01,15:19:04,-07:00,2026-05-01T15:19:04-07:00,1,20
style.css,131,css,f3535272,Rocio,2026-05-01,15:19:04,-07:00,2026-05-01T15:19:04-07:00,1,11
style.css,132,css,f3535272,Rocio,2026-05-01,15:19:04,-07:00,2026-05-01T15:19:04-07:00,1,18
style.css,133,css,f3535272,Rocio,2026-05-01,15:19:04,-07:00,2026-05-01T15:19:04-07:00,1,23
style.css,134,css,f3535272,Rocio,2026-05-01,15:19:04,-07:00,2026-05-01T15:19:04-07:00,1,17
style.css,135,css,f3535272,Rocio,2026-05-01,15:19:04,-07:00,2026-05-01T15:19:04-07:00,0,0
style.css,136,css,f3535272,Rocio,2026-05-01,15:19:04,-07:00,2026-05-01T15:19:04-07:00,0,0
style.css,137,css,f3535272,Rocio,2026-05-01,15:19:04,-07:00,2026-05-01T15:19:04-07:00,0,16
style.css,138,css,f3535272,Rocio,2026-05-01,15:19:04,-07:00,2026-05-01T15:19:04-07:00,1,12
style.css,139,css,f3535272,Rocio,2026-05-01,15:19:04,-07:00,2026-05-01T15:19:04-07:00,1,18
style.css,140,css,f3535272,Rocio,2026-05-01,15:19:04,-07:00,2026-05-01T15:19:04-07:00,1,7
style.css,141,css,f3535272,Rocio,2026-05-01,15:19:04,-07:00,2026-05-01T15:19:04-07:00,1,16
style.css,142,css,f3535272,Rocio,2026-05-01,15:19:04,-07:00,2026-05-01T15:19:04-07:00,0,0
style.css,143,css,f3535272,Rocio,2026-05-01,15:19:04,-07:00,2026-05-01T15:19:04-07:00,0,0
style.css,144,css,f3535272,Rocio,2026-05-01,15:19:04,-07:00,2026-05-01T15:19:04-07:00,0,24
style.css,145,css,f3535272,Rocio,2026-05-01,15:19:04,-07:00,2026-05-01T15:19:04-07:00,1,6
style.css,146,css,f3535272,Rocio,2026-05-01,15:19:04,-07:00,2026-05-01T15:19:04-07:00,0,0
style.css,147,css,f3535272,Rocio,2026-05-01,15:19:04,-07:00,2026-05-01T15:19:04-07:00,0,0
style.css,148,css,f3535272,Rocio,2026-05-01,15:19:04,-07:00,2026-05-01T15:19:04-07:00,0,16
style.css,149,css,f3535272,Rocio,2026-05-01,15:19:04,-07:00,2026-05-01T15:19:04-07:00,1,12
style.css,150,css,f3535272,Rocio,2026-05-01,15:19:04,-07:00,2026-05-01T15:19:04-07:00,1,18
style.css,151,css,f3535272,Rocio,2026-05-01,15:19:04,-07:00,2026-05-01T15:19:04-07:00,1,7
style.css,152,css,f3535272,Rocio,2026-05-01,15:19:04,-07:00,2026-05-01T15:19:04-07:00,1,16
style.css,153,css,f3535272,Rocio,2026-05-01,15:19:04,-07:00,2026-05-01T15:19:04-07:00,0,0
style.css,154,css,f3535272,Rocio,2026-05-01,15:19:04,-07:00,2026-05-01T15:19:04-07:00,0,0
style.css,155,css,f3535272,Rocio,2026-05-01,15:19:04,-07:00,2026-05-01T15:19:04-07:00,0,24
style.css,156,css,f3535272,Rocio,2026-05-01,15:19:04,-07:00,2026-05-01T15:19:04-07:00,1,6
style.css,157,css,f3535272,Rocio,2026-05-01,15:19:04,-07:00,2026-05-01T15:19:04-07:00,0,0
style.css,158,css,f3535272,Rocio,2026-05-01,15:19:04,-07:00,2026-05-01T15:19:04-07:00,0,0
style.css,159,css,f3535272,Rocio,2026-05-01,15:19:04,-07:00,2026-05-01T15:19:04-07:00,0,10
style.css,160,css,f3535272,Rocio,2026-05-01,15:19:04,-07:00,2026-05-01T15:19:04-07:00,1,13
style.css,161,css,f3535272,Rocio,2026-05-01,15:19:04,-07:00,2026-05-01T15:19:04-07:00,1,10
style.css,162,css,f3535272,Rocio,2026-05-01,15:19:04,-07:00,2026-05-01T15:19:04-07:00,1,14
style.css,163,css,f3535272,Rocio,2026-05-01,15:19:04,-07:00,2026-05-01T15:19:04-07:00,1,18
style.css,164,css,f3535272,Rocio,2026-05-01,15:19:04,-07:00,2026-05-01T15:19:04-07:00,1,20
style.css,165,css,f3535272,Rocio,2026-05-01,15:19:04,-07:00,2026-05-01T15:19:04-07:00,1,12
style.css,166,css,f3535272,Rocio,2026-05-01,15:19:04,-07:00,2026-05-01T15:19:04-07:00,1,60
style.css,167,css,f3535272,Rocio,2026-05-01,15:19:04,-07:00,2026-05-01T15:19:04-07:00,1,19
style.css,168,css,f3535272,Rocio,2026-05-01,15:19:04,-07:00,2026-05-01T15:19:04-07:00,0,0
style.css,169,css,f3535272,Rocio,2026-05-01,15:19:04,-07:00,2026-05-01T15:19:04-07:00,0,0
style.css,170,css,f3535272,Rocio,2026-05-01,15:19:04,-07:00,2026-05-01T15:19:04-07:00,0,17
style.css,171,css,f3535272,Rocio,2026-05-01,15:19:04,-07:00,2026-05-01T15:19:04-07:00,1,16
style.css,172,css,f3535272,Rocio,2026-05-01,15:19:04,-07:00,2026-05-01T15:19:04-07:00,2,11
style.css,173,css,f3535272,Rocio,2026-05-01,15:19:04,-07:00,2026-05-01T15:19:04-07:00,1,0
style.css,174,css,f3535272,Rocio,2026-05-01,15:19:04,-07:00,2026-05-01T15:19:04-07:00,0,0
style.css,175,css,f3535272,Rocio,2026-05-01,15:19:04,-07:00,2026-05-01T15:19:04-07:00,0,0
style.css,176,css,f3535272,Rocio,2026-05-01,15:19:04,-07:00,2026-05-01T15:19:04-07:00,0,4
style.css,177,css,f3535272,Rocio,2026-05-01,15:19:04,-07:00,2026-05-01T15:19:04-07:00,1,16
style.css,178,css,f3535272,Rocio,2026-05-01,15:19:04,-07:00,2026-05-01T15:19:04-07:00,0,0
style.css,179,css,f3535272,Rocio,2026-05-01,15:19:04,-07:00,2026-05-01T15:19:04-07:00,0,0
style.css,180,css,f3535272,Rocio,2026-05-01,15:19:04,-07:00,2026-05-01T15:19:04-07:00,0,9
style.css,181,css,f3535272,Rocio,2026-05-01,15:19:04,-07:00,2026-05-01T15:19:04-07:00,1,35
style.css,182,css,f3535272,Rocio,2026-05-01,15:19:04,-07:00,2026-05-01T15:19:04-07:00,0,0
style.css,183,css,f3535272,Rocio,2026-05-01,15:19:04,-07:00,2026-05-01T15:19:04-07:00,1,10
style.css,184,css,f3535272,Rocio,2026-05-01,15:19:04,-07:00,2026-05-01T15:19:04-07:00,2,17
style.css,185,css,f3535272,Rocio,2026-05-01,15:19:04,-07:00,2026-05-01T15:19:04-07:00,1,0
style.css,186,css,f3535272,Rocio,2026-05-01,15:19:04,-07:00,2026-05-01T15:19:04-07:00,0,0
index.js,1,js,22fa34af,Rocio,2026-04-24,18:11:28,-07:00,2026-04-24T18:11:28-07:00,0,71
index.js,2,js,22fa34af,Rocio,2026-04-24,18:11:28,-07:00,2026-04-24T18:11:28-07:00,0,54
index.js,3,js,22fa34af,Rocio,2026-04-24,18:11:28,-07:00,2026-04-24T18:11:28-07:00,0,42
index.js,4,js,22fa34af,Rocio,2026-04-24,18:11:28,-07:00,2026-04-24T18:11:28-07:00,0,60
index.js,5,js,22fa34af,Rocio,2026-04-24,18:11:28,-07:00,2026-04-24T18:11:28-07:00,0,54
index.js,6,js,22fa34af,Rocio,2026-04-24,18:11:28,-07:00,2026-04-24T18:11:28-07:00,0,0
index.js,7,js,22fa34af,Rocio,2026-04-24,18:11:28,-07:00,2026-04-24T18:11:28-07:00,0,56
index.js,8,js,22fa34af,Rocio,2026-04-24,18:11:28,-07:00,2026-04-24T18:11:28-07:00,0,60
index.js,9,js,22fa34af,Rocio,2026-04-24,18:11:28,-07:00,2026-04-24T18:11:28-07:00,0,17
index.js,10,js,22fa34af,Rocio,2026-04-24,18:11:28,-07:00,2026-04-24T18:11:28-07:00,2,24
index.js,11,js,22fa34af,Rocio,2026-04-24,18:11:28,-07:00,2026-04-24T18:11:28-07:00,5,2
index.js,12,js,22fa34af,Rocio,2026-04-24,18:11:28,-07:00,2026-04-24T18:11:28-07:00,6,55
index.js,13,js,22fa34af,Rocio,2026-04-24,18:11:28,-07:00,2026-04-24T18:11:28-07:00,6,55
index.js,14,js,22fa34af,Rocio,2026-04-24,18:11:28,-07:00,2026-04-24T18:11:28-07:00,6,49
index.js,15,js,22fa34af,Rocio,2026-04-24,18:11:28,-07:00,2026-04-24T18:11:28-07:00,6,49
index.js,16,js,22fa34af,Rocio,2026-04-24,18:11:28,-07:00,2026-04-24T18:11:28-07:00,5,3
index.js,17,js,22fa34af,Rocio,2026-04-24,18:11:28,-07:00,2026-04-24T18:11:28-07:00,3,0
index.js,18,js,22fa34af,Rocio,2026-04-24,18:11:28,-07:00,2026-04-24T18:11:28-07:00,1,0
index.html,1,html,cbaa2e1f,Rocio,2026-04-03,15:45:30,-07:00,2026-04-03T15:45:30-07:00,0,13
index.html,2,html,cbaa2e1f,Rocio,2026-04-03,15:45:30,-07:00,2026-04-03T15:45:30-07:00,0,14
index.html,3,html,cbaa2e1f,Rocio,2026-04-03,15:45:30,-07:00,2026-04-03T15:45:30-07:00,0,4
index.html,4,html,cbaa2e1f,Rocio,2026-04-03,15:45:30,-07:00,2026-04-03T15:45:30-07:00,2,20
index.html,5,html,cbaa2e1f,Rocio,2026-04-03,15:45:30,-07:00,2026-04-03T15:45:30-07:00,2,68
index.html,6,html,cbaa2e1f,Rocio,2026-04-03,15:45:30,-07:00,2026-04-03T15:45:30-07:00,2,58
index.html,7,html,fd9b78ef,Rocio,2026-04-03,16:55:37,-07:00,2026-04-03T16:55:37-07:00,2,38
index.html,8,html,a2427269,Rocio,2026-04-17,08:13:49,-07:00,2026-04-17T08:13:49-07:00,2,45
index.html,9,html,22fa34af,Rocio,2026-04-24,18:11:28,-07:00,2026-04-24T18:11:28-07:00,2,50
index.html,10,html,cbaa2e1f,Rocio,2026-04-03,15:45:30,-07:00,2026-04-03T15:45:30-07:00,0,5
index.html,11,html,cbaa2e1f,Rocio,2026-04-03,15:45:30,-07:00,2026-04-03T15:45:30-07:00,0,4
index.html,12,html,a2427269,Rocio,2026-04-17,08:13:49,-07:00,2026-04-17T08:13:49-07:00,2,37
index.html,13,html,a2427269,Rocio,2026-04-17,08:13:49,-07:00,2026-04-17T08:13:49-07:00,4,27
index.html,14,html,96bc5f37,Rocio,2026-04-10,14:20:50,-07:00,2026-04-10T14:20:50-07:00,4,40
index.html,15,html,96bc5f37,Rocio,2026-04-10,14:20:50,-07:00,2026-04-10T14:20:50-07:00,4,38
index.html,16,html,96bc5f37,Rocio,2026-04-10,14:20:50,-07:00,2026-04-10T14:20:50-07:00,4,39
index.html,17,html,00000000,Not Committed Yet,2026-05-09,11:28:25,-07:00,2026-05-09T11:28:25-07:00,4,35
index.html,18,html,96bc5f37,Rocio,2026-04-10,14:20:50,-07:00,2026-04-10T14:20:50-07:00,4,67
index.html,19,html,a2427269,Rocio,2026-04-17,08:13:49,-07:00,2026-04-17T08:13:49-07:00,2,8
index.html,20,html,e58d7aea,Rocio,2026-04-03,16:07:48,-07:00,2026-04-03T16:07:48-07:00,2,2
index.html,21,html,e58d7aea,Rocio,2026-04-03,16:07:48,-07:00,2026-04-03T16:07:48-07:00,4,16
index.html,22,html,e58d7aea,Rocio,2026-04-03,16:07:48,-07:00,2026-04-03T16:07:48-07:00,2,3
index.html,23,html,e58d7aea,Rocio,2026-04-03,16:07:48,-07:00,2026-04-03T16:07:48-07:00,2,1
index.html,24,html,e58d7aea,Rocio,2026-04-03,16:07:48,-07:00,2026-04-03T16:07:48-07:00,4,70
index.html,25,html,e58d7aea,Rocio,2026-04-03,16:07:48,-07:00,2026-04-03T16:07:48-07:00,4,75
index.html,26,html,e58d7aea,Rocio,2026-04-03,16:07:48,-07:00,2026-04-03T16:07:48-07:00,4,73
index.html,27,html,e58d7aea,Rocio,2026-04-03,16:07:48,-07:00,2026-04-03T16:07:48-07:00,4,81
index.html,28,html,e58d7aea,Rocio,2026-04-03,16:07:48,-07:00,2026-04-03T16:07:48-07:00,2,2
index.html,29,html,22fa34af,Rocio,2026-04-24,18:11:28,-07:00,2026-04-24T18:11:28-07:00,2,154
index.html,30,html,22fa34af,Rocio,2026-04-24,18:11:28,-07:00,2026-04-24T18:11:28-07:00,2,2
index.html,31,html,22fa34af,Rocio,2026-04-24,18:11:28,-07:00,2026-04-24T18:11:28-07:00,4,13
index.html,32,html,22fa34af,Rocio,2026-04-24,18:11:28,-07:00,2026-04-24T18:11:28-07:00,2,3
index.html,33,html,22fa34af,Rocio,2026-04-24,18:11:28,-07:00,2026-04-24T18:11:28-07:00,2,26
index.html,34,html,22fa34af,Rocio,2026-04-24,18:11:28,-07:00,2026-04-24T18:11:28-07:00,0,0
index.html,35,html,22fa34af,Rocio,2026-04-24,18:11:28,-07:00,2026-04-24T18:11:28-07:00,2,19
index.html,36,html,22fa34af,Rocio,2026-04-24,18:11:28,-07:00,2026-04-24T18:11:28-07:00,2,28
index.html,37,html,cbaa2e1f,Rocio,2026-04-03,15:45:30,-07:00,2026-04-03T15:45:30-07:00,0,5
index.html,38,html,cbaa2e1f,Rocio,2026-04-03,15:45:30,-07:00,2026-04-03T15:45:30-07:00,0,5
global.js,1,js,a2427269,Rocio,2026-04-17,08:13:49,-07:00,2026-04-17T08:13:49-07:00,0,25
global.js,2,js,a2427269,Rocio,2026-04-17,08:13:49,-07:00,2026-04-17T08:13:49-07:00,0,0
global.js,3,js,a2427269,Rocio,2026-04-17,08:13:49,-07:00,2026-04-17T08:13:49-07:00,0,41
global.js,4,js,a2427269,Rocio,2026-04-17,08:13:49,-07:00,2026-04-17T08:13:49-07:00,1,52
global.js,5,js,a2427269,Rocio,2026-04-17,08:13:49,-07:00,2026-04-17T08:13:49-07:00,0,0
global.js,6,js,a2427269,Rocio,2026-04-17,08:13:49,-07:00,2026-04-17T08:13:49-07:00,0,0
global.js,7,js,a2427269,Rocio,2026-04-17,08:13:49,-07:00,2026-04-17T08:13:49-07:00,0,11
global.js,8,js,a2427269,Rocio,2026-04-17,08:13:49,-07:00,2026-04-17T08:13:49-07:00,2,25
global.js,9,js,a2427269,Rocio,2026-04-17,08:13:49,-07:00,2026-04-17T08:13:49-07:00,2,38
global.js,10,js,a2427269,Rocio,2026-04-17,08:13:49,-07:00,2026-04-17T08:13:49-07:00,2,37
global.js,11,js,a2427269,Rocio,2026-04-17,08:13:49,-07:00,2026-04-17T08:13:49-07:00,2,34
global.js,12,js,00000000,Not Committed Yet,2026-05-09,11:28:25,-07:00,2026-05-09T11:28:25-07:00,2,30
global.js,13,js,a2427269,Rocio,2026-04-17,08:13:49,-07:00,2026-04-17T08:13:49-07:00,2,59
global.js,14,js,a2427269,Rocio,2026-04-17,08:13:49,-07:00,2026-04-17T08:13:49-07:00,1,0
global.js,15,js,a2427269,Rocio,2026-04-17,08:13:49,-07:00,2026-04-17T08:13:49-07:00,0,0
global.js,16,js,a2427269,Rocio,2026-04-17,08:13:49,-07:00,2026-04-17T08:13:49-07:00,0,38
global.js,17,js,a2427269,Rocio,2026-04-17,08:13:49,-07:00,2026-04-17T08:13:49-07:00,0,25
global.js,18,js,a2427269,Rocio,2026-04-17,08:13:49,-07:00,2026-04-17T08:13:49-07:00,0,0
global.js,19,js,a2427269,Rocio,2026-04-17,08:13:49,-07:00,2026-04-17T08:13:49-07:00,0,88
global.js,20,js,c5888428,Rocio,2026-04-24,15:59:13,-07:00,2026-04-24T15:59:13-07:00,1,3
global.js,21,js,b514d3d6,Rocio,2026-04-17,08:26:56,-07:00,2026-04-17T08:26:56-07:00,1,14
global.js,22,js,a2427269,Rocio,2026-04-17,08:13:49,-07:00,2026-04-17T08:13:49-07:00,0,0
global.js,23,js,a2427269,Rocio,2026-04-17,08:13:49,-07:00,2026-04-17T08:13:49-07:00,0,0
global.js,24,js,a2427269,Rocio,2026-04-17,08:13:49,-07:00,2026-04-17T08:13:49-07:00,0,20
global.js,25,js,a2427269,Rocio,2026-04-17,08:13:49,-07:00,2026-04-17T08:13:49-07:00,2,14
global.js,26,js,a2427269,Rocio,2026-04-17,08:13:49,-07:00,2026-04-17T08:13:49-07:00,2,18
global.js,27,js,a2427269,Rocio,2026-04-17,08:13:49,-07:00,2026-04-17T08:13:49-07:00,0,0
global.js,28,js,a2427269,Rocio,2026-04-17,08:13:49,-07:00,2026-04-17T08:13:49-07:00,2,52
global.js,29,js,a2427269,Rocio,2026-04-17,08:13:49,-07:00,2026-04-17T08:13:49-07:00,0,0
global.js,30,js,a2427269,Rocio,2026-04-17,08:13:49,-07:00,2026-04-17T08:13:49-07:00,0,0
global.js,31,js,a2427269,Rocio,2026-04-17,08:13:49,-07:00,2026-04-17T08:13:49-07:00,2,13
global.js,32,js,a2427269,Rocio,2026-04-17,08:13:49,-07:00,2026-04-17T08:13:49-07:00,4,40
global.js,33,js,a2427269,Rocio,2026-04-17,08:13:49,-07:00,2026-04-17T08:13:49-07:00,4,53
global.js,34,js,a2427269,Rocio,2026-04-17,08:13:49,-07:00,2026-04-17T08:13:49-07:00,0,0
global.js,35,js,a2427269,Rocio,2026-04-17,08:13:49,-07:00,2026-04-17T08:13:49-07:00,2,34
global.js,36,js,a2427269,Rocio,2026-04-17,08:13:49,-07:00,2026-04-17T08:13:49-07:00,2,11
global.js,37,js,a2427269,Rocio,2026-04-17,08:13:49,-07:00,2026-04-17T08:13:49-07:00,2,20
global.js,38,js,a2427269,Rocio,2026-04-17,08:13:49,-07:00,2026-04-17T08:13:49-07:00,2,12
global.js,39,js,a2427269,Rocio,2026-04-17,08:13:49,-07:00,2026-04-17T08:13:49-07:00,0,0
global.js,40,js,a2427269,Rocio,2026-04-17,08:13:49,-07:00,2026-04-17T08:13:49-07:00,2,17
global.js,41,js,a2427269,Rocio,2026-04-17,08:13:49,-07:00,2026-04-17T08:13:49-07:00,4,8
global.js,42,js,a2427269,Rocio,2026-04-17,08:13:49,-07:00,2026-04-17T08:13:49-07:00,4,59
global.js,43,js,a2427269,Rocio,2026-04-17,08:13:49,-07:00,2026-04-17T08:13:49-07:00,2,0
global.js,44,js,a2427269,Rocio,2026-04-17,08:13:49,-07:00,2026-04-17T08:13:49-07:00,0,0
global.js,45,js,a2427269,Rocio,2026-04-17,08:13:49,-07:00,2026-04-17T08:13:49-07:00,2,29
global.js,46,js,a2427269,Rocio,2026-04-17,08:13:49,-07:00,2026-04-17T08:13:49-07:00,2,18
global.js,47,js,a2427269,Rocio,2026-04-17,08:13:49,-07:00,2026-04-17T08:13:49-07:00,2,0
global.js,48,js,a2427269,Rocio,2026-04-17,08:13:49,-07:00,2026-04-17T08:13:49-07:00,1,0
global.js,49,js,a2427269,Rocio,2026-04-17,08:13:49,-07:00,2026-04-17T08:13:49-07:00,0,0
global.js,50,js,a2427269,Rocio,2026-04-17,08:13:49,-07:00,2026-04-17T08:13:49-07:00,1,31
global.js,51,js,a2427269,Rocio,2026-04-17,08:13:49,-07:00,2026-04-17T08:13:49-07:00,0,11
global.js,52,js,a2427269,Rocio,2026-04-17,08:13:49,-07:00,2026-04-17T08:13:49-07:00,0,0
global.js,53,js,a2427269,Rocio,2026-04-17,08:13:49,-07:00,2026-04-17T08:13:49-07:00,2,26
global.js,54,js,a2427269,Rocio,2026-04-17,08:13:49,-07:00,2026-04-17T08:13:49-07:00,4,4
global.js,55,js,a2427269,Rocio,2026-04-17,08:13:49,-07:00,2026-04-17T08:13:49-07:00,4,24
global.js,56,js,a2427269,Rocio,2026-04-17,08:13:49,-07:00,2026-04-17T08:13:49-07:00,4,37
global.js,57,js,a2427269,Rocio,2026-04-17,08:13:49,-07:00,2026-04-17T08:13:49-07:00,4,34
global.js,58,js,a2427269,Rocio,2026-04-17,08:13:49,-07:00,2026-04-17T08:13:49-07:00,4,32
global.js,59,js,a2427269,Rocio,2026-04-17,08:13:49,-07:00,2026-04-17T08:13:49-07:00,4,7
global.js,60,js,a2427269,Rocio,2026-04-17,08:13:49,-07:00,2026-04-17T08:13:49-07:00,2,8
global.js,61,js,a2427269,Rocio,2026-04-17,08:13:49,-07:00,2026-04-17T08:13:49-07:00,0,0
global.js,62,js,a2427269,Rocio,2026-04-17,08:13:49,-07:00,2026-04-17T08:13:49-07:00,0,0
global.js,63,js,a2427269,Rocio,2026-04-17,08:13:49,-07:00,2026-04-17T08:13:49-07:00,0,53
global.js,64,js,a2427269,Rocio,2026-04-17,08:13:49,-07:00,2026-04-17T08:13:49-07:00,0,34
global.js,65,js,a2427269,Rocio,2026-04-17,08:13:49,-07:00,2026-04-17T08:13:49-07:00,1,37
global.js,66,js,a2427269,Rocio,2026-04-17,08:13:49,-07:00,2026-04-17T08:13:49-07:00,1,19
global.js,67,js,a2427269,Rocio,2026-04-17,08:13:49,-07:00,2026-04-17T08:13:49-07:00,0,0
global.js,68,js,a2427269,Rocio,2026-04-17,08:13:49,-07:00,2026-04-17T08:13:49-07:00,1,21
global.js,69,js,a2427269,Rocio,2026-04-17,08:13:49,-07:00,2026-04-17T08:13:49-07:00,2,71
global.js,70,js,a2427269,Rocio,2026-04-17,08:13:49,-07:00,2026-04-17T08:13:49-07:00,1,6
global.js,71,js,a2427269,Rocio,2026-04-17,08:13:49,-07:00,2026-04-17T08:13:49-07:00,2,64
global.js,72,js,a2427269,Rocio,2026-04-17,08:13:49,-07:00,2026-04-17T08:13:49-07:00,1,0
global.js,73,js,a2427269,Rocio,2026-04-17,08:13:49,-07:00,2026-04-17T08:13:49-07:00,0,0
global.js,74,js,a2427269,Rocio,2026-04-17,08:13:49,-07:00,2026-04-17T08:13:49-07:00,0,0
global.js,75,js,a2427269,Rocio,2026-04-17,08:13:49,-07:00,2026-04-17T08:13:49-07:00,0,50
global.js,76,js,a2427269,Rocio,2026-04-17,08:13:49,-07:00,2026-04-17T08:13:49-07:00,1,31
global.js,77,js,a2427269,Rocio,2026-04-17,08:13:49,-07:00,2026-04-17T08:13:49-07:00,1,31
global.js,78,js,a2427269,Rocio,2026-04-17,08:13:49,-07:00,2026-04-17T08:13:49-07:00,0,0
global.js,79,js,a2427269,Rocio,2026-04-17,08:13:49,-07:00,2026-04-17T08:13:49-07:00,1,21
global.js,80,js,a2427269,Rocio,2026-04-17,08:13:49,-07:00,2026-04-17T08:13:49-07:00,2,71
global.js,81,js,a2427269,Rocio,2026-04-17,08:13:49,-07:00,2026-04-17T08:13:49-07:00,1,6
global.js,82,js,a2427269,Rocio,2026-04-17,08:13:49,-07:00,2026-04-17T08:13:49-07:00,2,64
global.js,83,js,a2427269,Rocio,2026-04-17,08:13:49,-07:00,2026-04-17T08:13:49-07:00,1,0
global.js,84,js,a2427269,Rocio,2026-04-17,08:13:49,-07:00,2026-04-17T08:13:49-07:00,0,1
global.js,85,js,a2427269,Rocio,2026-04-17,08:13:49,-07:00,2026-04-17T08:13:49-07:00,0,0
global.js,86,js,a2427269,Rocio,2026-04-17,08:13:49,-07:00,2026-04-17T08:13:49-07:00,0,42
global.js,87,js,a2427269,Rocio,2026-04-17,08:13:49,-07:00,2026-04-17T08:13:49-07:00,0,0
global.js,88,js,a2427269,Rocio,2026-04-17,08:13:49,-07:00,2026-04-17T08:13:49-07:00,0,49
global.js,89,js,a2427269,Rocio,2026-04-17,08:13:49,-07:00,2026-04-17T08:13:49-07:00,1,21
global.js,90,js,a2427269,Rocio,2026-04-17,08:13:49,-07:00,2026-04-17T08:13:49-07:00,0,0
global.js,91,js,a2427269,Rocio,2026-04-17,08:13:49,-07:00,2026-04-17T08:13:49-07:00,1,30
global.js,92,js,a2427269,Rocio,2026-04-17,08:13:49,-07:00,2026-04-17T08:13:49-07:00,1,26
global.js,93,js,a2427269,Rocio,2026-04-17,08:13:49,-07:00,2026-04-17T08:13:49-07:00,1,14
global.js,94,js,a2427269,Rocio,2026-04-17,08:13:49,-07:00,2026-04-17T08:13:49-07:00,0,0
global.js,95,js,a2427269,Rocio,2026-04-17,08:13:49,-07:00,2026-04-17T08:13:49-07:00,1,31
global.js,96,js,a2427269,Rocio,2026-04-17,08:13:49,-07:00,2026-04-17T08:13:49-07:00,2,50
global.js,97,js,a2427269,Rocio,2026-04-17,08:13:49,-07:00,2026-04-17T08:13:49-07:00,1,0
global.js,98,js,a2427269,Rocio,2026-04-17,08:13:49,-07:00,2026-04-17T08:13:49-07:00,0,0
global.js,99,js,a2427269,Rocio,2026-04-17,08:13:49,-07:00,2026-04-17T08:13:49-07:00,1,22
global.js,100,js,a2427269,Rocio,2026-04-17,08:13:49,-07:00,2026-04-17T08:13:49-07:00,1,18
global.js,101,js,22fa34af,Rocio,2026-04-24,18:11:28,-07:00,2026-04-24T18:11:28-07:00,0,1
global.js,102,js,22fa34af,Rocio,2026-04-24,18:11:28,-07:00,2026-04-24T18:11:28-07:00,0,0
global.js,103,js,22fa34af,Rocio,2026-04-24,18:11:28,-07:00,2026-04-24T18:11:28-07:00,0,36
global.js,104,js,22fa34af,Rocio,2026-04-24,18:11:28,-07:00,2026-04-24T18:11:28-07:00,1,3
global.js,105,js,22fa34af,Rocio,2026-04-24,18:11:28,-07:00,2026-04-24T18:11:28-07:00,2,39
global.js,106,js,22fa34af,Rocio,2026-04-24,18:11:28,-07:00,2026-04-24T18:11:28-07:00,2,32
global.js,107,js,22fa34af,Rocio,2026-04-24,18:11:28,-07:00,2026-04-24T18:11:28-07:00,2,20
global.js,108,js,22fa34af,Rocio,2026-04-24,18:11:28,-07:00,2026-04-24T18:11:28-07:00,2,17
global.js,109,js,22fa34af,Rocio,2026-04-24,18:11:28,-07:00,2026-04-24T18:11:28-07:00,3,66
global.js,110,js,22fa34af,Rocio,2026-04-24,18:11:28,-07:00,2026-04-24T18:11:28-07:00,2,0
global.js,111,js,22fa34af,Rocio,2026-04-24,18:11:28,-07:00,2026-04-24T18:11:28-07:00,2,33
global.js,112,js,22fa34af,Rocio,2026-04-24,18:11:28,-07:00,2026-04-24T18:11:28-07:00,2,10
global.js,113,js,22fa34af,Rocio,2026-04-24,18:11:28,-07:00,2026-04-24T18:11:28-07:00,1,15
global.js,114,js,22fa34af,Rocio,2026-04-24,18:11:28,-07:00,2026-04-24T18:11:28-07:00,2,59
global.js,115,js,22fa34af,Rocio,2026-04-24,18:11:28,-07:00,2026-04-24T18:11:28-07:00,1,0
global.js,116,js,22fa34af,Rocio,2026-04-24,18:11:28,-07:00,2026-04-24T18:11:28-07:00,0,0
global.js,117,js,22fa34af,Rocio,2026-04-24,18:11:28,-07:00,2026-04-24T18:11:28-07:00,0,0
global.js,118,js,f3535272,Rocio,2026-05-01,15:19:04,-07:00,2026-05-01T15:19:04-07:00,0,79
global.js,119,js,22fa34af,Rocio,2026-04-24,18:11:28,-07:00,2026-04-24T18:11:28-07:00,1,30
global.js,120,js,f3535272,Rocio,2026-05-01,15:19:04,-07:00,2026-05-01T15:19:04-07:00,0,0
global.js,121,js,f3535272,Rocio,2026-05-01,15:19:04,-07:00,2026-05-01T15:19:04-07:00,1,29
global.js,122,js,f3535272,Rocio,2026-05-01,15:19:04,-07:00,2026-05-01T15:19:04-07:00,2,46
global.js,123,js,f3535272,Rocio,2026-05-01,15:19:04,-07:00,2026-05-01T15:19:04-07:00,0,0
global.js,124,js,22fa34af,Rocio,2026-04-24,18:11:28,-07:00,2026-04-24T18:11:28-07:00,2,19
global.js,125,js,f3535272,Rocio,2026-05-01,15:19:04,-07:00,2026-05-01T15:19:04-07:00,3,49
global.js,126,js,f3535272,Rocio,2026-05-01,15:19:04,-07:00,2026-05-01T15:19:04-07:00,3,49
global.js,127,js,f3535272,Rocio,2026-05-01,15:19:04,-07:00,2026-05-01T15:19:04-07:00,3,3
global.js,128,js,f3535272,Rocio,2026-05-01,15:19:04,-07:00,2026-05-01T15:19:04-07:00,4,27
global.js,129,js,f3535272,Rocio,2026-05-01,15:19:04,-07:00,2026-05-01T15:19:04-07:00,4,41
global.js,130,js,f3535272,Rocio,2026-05-01,15:19:04,-07:00,2026-05-01T15:19:04-07:00,3,4
global.js,131,js,22fa34af,Rocio,2026-04-24,18:11:28,-07:00,2026-04-24T18:11:28-07:00,2,0
global.js,132,js,f3535272,Rocio,2026-05-01,15:19:04,-07:00,2026-05-01T15:19:04-07:00,0,0
global.js,133,js,22fa34af,Rocio,2026-04-24,18:11:28,-07:00,2026-04-24T18:11:28-07:00,2,36
global.js,134,js,22fa34af,Rocio,2026-04-24,18:11:28,-07:00,2026-04-24T18:11:28-07:00,1,0
global.js,135,js,22fa34af,Rocio,2026-04-24,18:11:28,-07:00,2026-04-24T18:11:28-07:00,0,0
global.js,136,js,22fa34af,Rocio,2026-04-24,18:11:28,-07:00,2026-04-24T18:11:28-07:00,0,0
global.js,137,js,22fa34af,Rocio,2026-04-24,18:11:28,-07:00,2026-04-24T18:11:28-07:00,0,47
global.js,138,js,22fa34af,Rocio,2026-04-24,18:11:28,-07:00,2026-04-24T18:11:28-07:00,1,22
global.js,139,js,22fa34af,Rocio,2026-04-24,18:11:28,-07:00,2026-04-24T18:11:28-07:00,1,59
global.js,140,js,22fa34af,Rocio,2026-04-24,18:11:28,-07:00,2026-04-24T18:11:28-07:00,0,0
resume/index.html,1,html,4b6469ca,Rocio,2026-04-03,17:30:50,-07:00,2026-04-03T17:30:50-07:00,0,13
resume/index.html,2,html,4b6469ca,Rocio,2026-04-03,17:30:50,-07:00,2026-04-03T17:30:50-07:00,0,14
resume/index.html,3,html,4b6469ca,Rocio,2026-04-03,17:30:50,-07:00,2026-04-03T17:30:50-07:00,0,4
resume/index.html,4,html,4b6469ca,Rocio,2026-04-03,17:30:50,-07:00,2026-04-03T17:30:50-07:00,2,20
resume/index.html,5,html,4b6469ca,Rocio,2026-04-03,17:30:50,-07:00,2026-04-03T17:30:50-07:00,2,68
resume/index.html,6,html,4b6469ca,Rocio,2026-04-03,17:30:50,-07:00,2026-04-03T17:30:50-07:00,2,19
resume/index.html,7,html,4b6469ca,Rocio,2026-04-03,17:30:50,-07:00,2026-04-03T17:30:50-07:00,2,41
resume/index.html,8,html,a2427269,Rocio,2026-04-17,08:13:49,-07:00,2026-04-17T08:13:49-07:00,2,48
resume/index.html,9,html,4b6469ca,Rocio,2026-04-03,17:30:50,-07:00,2026-04-03T17:30:50-07:00,0,5
resume/index.html,10,html,4b6469ca,Rocio,2026-04-03,17:30:50,-07:00,2026-04-03T17:30:50-07:00,0,4
resume/index.html,11,html,a2427269,Rocio,2026-04-17,08:13:49,-07:00,2026-04-17T08:13:49-07:00,1,37
resume/index.html,12,html,96bc5f37,Rocio,2026-04-10,14:20:50,-07:00,2026-04-10T14:20:50-07:00,2,30
resume/index.html,13,html,96bc5f37,Rocio,2026-04-10,14:20:50,-07:00,2026-04-10T14:20:50-07:00,2,43
resume/index.html,14,html,96bc5f37,Rocio,2026-04-10,14:20:50,-07:00,2026-04-10T14:20:50-07:00,2,41
resume/index.html,15,html,a2427269,Rocio,2026-04-17,08:13:49,-07:00,2026-04-17T08:13:49-07:00,2,39
resume/index.html,16,html,96bc5f37,Rocio,2026-04-10,14:20:50,-07:00,2026-04-10T14:20:50-07:00,2,67
resume/index.html,17,html,a2427269,Rocio,2026-04-17,08:13:49,-07:00,2026-04-17T08:13:49-07:00,0,8
resume/index.html,18,html,4b6469ca,Rocio,2026-04-03,17:30:50,-07:00,2026-04-03T17:30:50-07:00,2,4
resume/index.html,19,html,4b6469ca,Rocio,2026-04-03,17:30:50,-07:00,2026-04-03T17:30:50-07:00,4,7
resume/index.html,20,html,4b6469ca,Rocio,2026-04-03,17:30:50,-07:00,2026-04-03T17:30:50-07:00,5,6
resume/index.html,21,html,4b6469ca,Rocio,2026-04-03,17:30:50,-07:00,2026-04-03T17:30:50-07:00,6,25
resume/index.html,22,html,4b6469ca,Rocio,2026-04-03,17:30:50,-07:00,2026-04-03T17:30:50-07:00,6,1
resume/index.html,23,html,4b6469ca,Rocio,2026-04-03,17:30:50,-07:00,2026-04-03T17:30:50-07:00,7,72
resume/index.html,24,html,4b6469ca,Rocio,2026-04-03,17:30:50,-07:00,2026-04-03T17:30:50-07:00,7,101
resume/index.html,25,html,4b6469ca,Rocio,2026-04-03,17:30:50,-07:00,2026-04-03T17:30:50-07:00,6,2
resume/index.html,26,html,4b6469ca,Rocio,2026-04-03,17:30:50,-07:00,2026-04-03T17:30:50-07:00,5,7
resume/index.html,27,html,4b6469ca,Rocio,2026-04-03,17:30:50,-07:00,2026-04-03T17:30:50-07:00,4,8
resume/index.html,28,html,4b6469ca,Rocio,2026-04-03,17:30:50,-07:00,2026-04-03T17:30:50-07:00,2,0
resume/index.html,29,html,4b6469ca,Rocio,2026-04-03,17:30:50,-07:00,2026-04-03T17:30:50-07:00,4,7
resume/index.html,30,html,4b6469ca,Rocio,2026-04-03,17:30:50,-07:00,2026-04-03T17:30:50-07:00,5,6
resume/index.html,31,html,4b6469ca,Rocio,2026-04-03,17:30:50,-07:00,2026-04-03T17:30:50-07:00,6,16
resume/index.html,32,html,4b6469ca,Rocio,2026-04-03,17:30:50,-07:00,2026-04-03T17:30:50-07:00,5,7
resume/index.html,33,html,4b6469ca,Rocio,2026-04-03,17:30:50,-07:00,2026-04-03T17:30:50-07:00,5,7
resume/index.html,34,html,4b6469ca,Rocio,2026-04-03,17:30:50,-07:00,2026-04-03T17:30:50-07:00,6,42
resume/index.html,35,html,4b6469ca,Rocio,2026-04-03,17:30:50,-07:00,2026-04-03T17:30:50-07:00,6,24
resume/index.html,36,html,4b6469ca,Rocio,2026-04-03,17:30:50,-07:00,2026-04-03T17:30:50-07:00,6,23
resume/index.html,37,html,4b6469ca,Rocio,2026-04-03,17:30:50,-07:00,2026-04-03T17:30:50-07:00,6,67
resume/index.html,38,html,4b6469ca,Rocio,2026-04-03,17:30:50,-07:00,2026-04-03T17:30:50-07:00,6,14
resume/index.html,39,html,4b6469ca,Rocio,2026-04-03,17:30:50,-07:00,2026-04-03T17:30:50-07:00,6,19
resume/index.html,40,html,4b6469ca,Rocio,2026-04-03,17:30:50,-07:00,2026-04-03T17:30:50-07:00,5,8
resume/index.html,41,html,4b6469ca,Rocio,2026-04-03,17:30:50,-07:00,2026-04-03T17:30:50-07:00,4,8
resume/index.html,42,html,4b6469ca,Rocio,2026-04-03,17:30:50,-07:00,2026-04-03T17:30:50-07:00,2,0
resume/index.html,43,html,4b6469ca,Rocio,2026-04-03,17:30:50,-07:00,2026-04-03T17:30:50-07:00,4,7
resume/index.html,44,html,4b6469ca,Rocio,2026-04-03,17:30:50,-07:00,2026-04-03T17:30:50-07:00,5,6
resume/index.html,45,html,4b6469ca,Rocio,2026-04-03,17:30:50,-07:00,2026-04-03T17:30:50-07:00,6,17
resume/index.html,46,html,4b6469ca,Rocio,2026-04-03,17:30:50,-07:00,2026-04-03T17:30:50-07:00,5,7
resume/index.html,47,html,4b6469ca,Rocio,2026-04-03,17:30:50,-07:00,2026-04-03T17:30:50-07:00,2,0
resume/index.html,48,html,4b6469ca,Rocio,2026-04-03,17:30:50,-07:00,2026-04-03T17:30:50-07:00,5,7
resume/index.html,49,html,4b6469ca,Rocio,2026-04-03,17:30:50,-07:00,2026-04-03T17:30:50-07:00,6,6
resume/index.html,50,html,4b6469ca,Rocio,2026-04-03,17:30:50,-07:00,2026-04-03T17:30:50-07:00,7,59
resume/index.html,51,html,4b6469ca,Rocio,2026-04-03,17:30:50,-07:00,2026-04-03T17:30:50-07:00,7,74
resume/index.html,52,html,4b6469ca,Rocio,2026-04-03,17:30:50,-07:00,2026-04-03T17:30:50-07:00,6,7
resume/index.html,53,html,4b6469ca,Rocio,2026-04-03,17:30:50,-07:00,2026-04-03T17:30:50-07:00,6,2
resume/index.html,54,html,4b6469ca,Rocio,2026-04-03,17:30:50,-07:00,2026-04-03T17:30:50-07:00,7,153
resume/index.html,55,html,4b6469ca,Rocio,2026-04-03,17:30:50,-07:00,2026-04-03T17:30:50-07:00,7,156
resume/index.html,56,html,4b6469ca,Rocio,2026-04-03,17:30:50,-07:00,2026-04-03T17:30:50-07:00,7,150
resume/index.html,57,html,4b6469ca,Rocio,2026-04-03,17:30:50,-07:00,2026-04-03T17:30:50-07:00,6,3
resume/index.html,58,html,4b6469ca,Rocio,2026-04-03,17:30:50,-07:00,2026-04-03T17:30:50-07:00,5,8
resume/index.html,59,html,4b6469ca,Rocio,2026-04-03,17:30:50,-07:00,2026-04-03T17:30:50-07:00,2,0
resume/index.html,60,html,4b6469ca,Rocio,2026-04-03,17:30:50,-07:00,2026-04-03T17:30:50-07:00,5,7
resume/index.html,61,html,4b6469ca,Rocio,2026-04-03,17:30:50,-07:00,2026-04-03T17:30:50-07:00,6,6
resume/index.html,62,html,4b6469ca,Rocio,2026-04-03,17:30:50,-07:00,2026-04-03T17:30:50-07:00,7,73
resume/index.html,63,html,4b6469ca,Rocio,2026-04-03,17:30:50,-07:00,2026-04-03T17:30:50-07:00,7,98
resume/index.html,64,html,4b6469ca,Rocio,2026-04-03,17:30:50,-07:00,2026-04-03T17:30:50-07:00,6,7
resume/index.html,65,html,4b6469ca,Rocio,2026-04-03,17:30:50,-07:00,2026-04-03T17:30:50-07:00,6,2
resume/index.html,66,html,4b6469ca,Rocio,2026-04-03,17:30:50,-07:00,2026-04-03T17:30:50-07:00,7,132
resume/index.html,67,html,4b6469ca,Rocio,2026-04-03,17:30:50,-07:00,2026-04-03T17:30:50-07:00,7,102
resume/index.html,68,html,4b6469ca,Rocio,2026-04-03,17:30:50,-07:00,2026-04-03T17:30:50-07:00,7,120
resume/index.html,69,html,4b6469ca,Rocio,2026-04-03,17:30:50,-07:00,2026-04-03T17:30:50-07:00,6,3
resume/index.html,70,html,4b6469ca,Rocio,2026-04-03,17:30:50,-07:00,2026-04-03T17:30:50-07:00,5,8
resume/index.html,71,html,4b6469ca,Rocio,2026-04-03,17:30:50,-07:00,2026-04-03T17:30:50-07:00,4,8
resume/index.html,72,html,4b6469ca,Rocio,2026-04-03,17:30:50,-07:00,2026-04-03T17:30:50-07:00,2,0
resume/index.html,73,html,4b6469ca,Rocio,2026-04-03,17:30:50,-07:00,2026-04-03T17:30:50-07:00,4,7
resume/index.html,74,html,4b6469ca,Rocio,2026-04-03,17:30:50,-07:00,2026-04-03T17:30:50-07:00,5,6
resume/index.html,75,html,4b6469ca,Rocio,2026-04-03,17:30:50,-07:00,2026-04-03T17:30:50-07:00,6,36
resume/index.html,76,html,4b6469ca,Rocio,2026-04-03,17:30:50,-07:00,2026-04-03T17:30:50-07:00,5,7
resume/index.html,77,html,4b6469ca,Rocio,2026-04-03,17:30:50,-07:00,2026-04-03T17:30:50-07:00,2,0
resume/index.html,78,html,4b6469ca,Rocio,2026-04-03,17:30:50,-07:00,2026-04-03T17:30:50-07:00,5,7
resume/index.html,79,html,4b6469ca,Rocio,2026-04-03,17:30:50,-07:00,2026-04-03T17:30:50-07:00,6,6
resume/index.html,80,html,4b6469ca,Rocio,2026-04-03,17:30:50,-07:00,2026-04-03T17:30:50-07:00,7,54
resume/index.html,81,html,4b6469ca,Rocio,2026-04-03,17:30:50,-07:00,2026-04-03T17:30:50-07:00,7,59
resume/index.html,82,html,4b6469ca,Rocio,2026-04-03,17:30:50,-07:00,2026-04-03T17:30:50-07:00,6,7
resume/index.html,83,html,4b6469ca,Rocio,2026-04-03,17:30:50,-07:00,2026-04-03T17:30:50-07:00,6,2
resume/index.html,84,html,4b6469ca,Rocio,2026-04-03,17:30:50,-07:00,2026-04-03T17:30:50-07:00,7,110
resume/index.html,85,html,4b6469ca,Rocio,2026-04-03,17:30:50,-07:00,2026-04-03T17:30:50-07:00,7,97
resume/index.html,86,html,4b6469ca,Rocio,2026-04-03,17:30:50,-07:00,2026-04-03T17:30:50-07:00,7,112
resume/index.html,87,html,4b6469ca,Rocio,2026-04-03,17:30:50,-07:00,2026-04-03T17:30:50-07:00,6,3
resume/index.html,88,html,4b6469ca,Rocio,2026-04-03,17:30:50,-07:00,2026-04-03T17:30:50-07:00,5,8
resume/index.html,89,html,4b6469ca,Rocio,2026-04-03,17:30:50,-07:00,2026-04-03T17:30:50-07:00,2,0
resume/index.html,90,html,4b6469ca,Rocio,2026-04-03,17:30:50,-07:00,2026-04-03T17:30:50-07:00,5,7
resume/index.html,91,html,4b6469ca,Rocio,2026-04-03,17:30:50,-07:00,2026-04-03T17:30:50-07:00,6,6
resume/index.html,92,html,4b6469ca,Rocio,2026-04-03,17:30:50,-07:00,2026-04-03T17:30:50-07:00,7,57
resume/index.html,93,html,4b6469ca,Rocio,2026-04-03,17:30:50,-07:00,2026-04-03T17:30:50-07:00,7,99
resume/index.html,94,html,4b6469ca,Rocio,2026-04-03,17:30:50,-07:00,2026-04-03T17:30:50-07:00,6,7
resume/index.html,95,html,4b6469ca,Rocio,2026-04-03,17:30:50,-07:00,2026-04-03T17:30:50-07:00,6,2
resume/index.html,96,html,4b6469ca,Rocio,2026-04-03,17:30:50,-07:00,2026-04-03T17:30:50-07:00,7,75
resume/index.html,97,html,4b6469ca,Rocio,2026-04-03,17:30:50,-07:00,2026-04-03T17:30:50-07:00,7,103
resume/index.html,98,html,4b6469ca,Rocio,2026-04-03,17:30:50,-07:00,2026-04-03T17:30:50-07:00,7,116
resume/index.html,99,html,4b6469ca,Rocio,2026-04-03,17:30:50,-07:00,2026-04-03T17:30:50-07:00,6,3
resume/index.html,100,html,4b6469ca,Rocio,2026-04-03,17:30:50,-07:00,2026-04-03T17:30:50-07:00,5,8
resume/index.html,101,html,4b6469ca,Rocio,2026-04-03,17:30:50,-07:00,2026-04-03T17:30:50-07:00,4,8
resume/index.html,102,html,4b6469ca,Rocio,2026-04-03,17:30:50,-07:00,2026-04-03T17:30:50-07:00,2,0
resume/index.html,103,html,4b6469ca,Rocio,2026-04-03,17:30:50,-07:00,2026-04-03T17:30:50-07:00,4,7
resume/index.html,104,html,4b6469ca,Rocio,2026-04-03,17:30:50,-07:00,2026-04-03T17:30:50-07:00,5,6
resume/index.html,105,html,4b6469ca,Rocio,2026-04-03,17:30:50,-07:00,2026-04-03T17:30:50-07:00,6,15
resume/index.html,106,html,4b6469ca,Rocio,2026-04-03,17:30:50,-07:00,2026-04-03T17:30:50-07:00,5,7
resume/index.html,107,html,4b6469ca,Rocio,2026-04-03,17:30:50,-07:00,2026-04-03T17:30:50-07:00,2,0
resume/index.html,108,html,4b6469ca,Rocio,2026-04-03,17:30:50,-07:00,2026-04-03T17:30:50-07:00,5,7
resume/index.html,109,html,4b6469ca,Rocio,2026-04-03,17:30:50,-07:00,2026-04-03T17:30:50-07:00,6,6
resume/index.html,110,html,4b6469ca,Rocio,2026-04-03,17:30:50,-07:00,2026-04-03T17:30:50-07:00,7,47
resume/index.html,111,html,4b6469ca,Rocio,2026-04-03,17:30:50,-07:00,2026-04-03T17:30:50-07:00,7,92
resume/index.html,112,html,4b6469ca,Rocio,2026-04-03,17:30:50,-07:00,2026-04-03T17:30:50-07:00,6,7
resume/index.html,113,html,4b6469ca,Rocio,2026-04-03,17:30:50,-07:00,2026-04-03T17:30:50-07:00,6,2
resume/index.html,114,html,4b6469ca,Rocio,2026-04-03,17:30:50,-07:00,2026-04-03T17:30:50-07:00,7,145
resume/index.html,115,html,4b6469ca,Rocio,2026-04-03,17:30:50,-07:00,2026-04-03T17:30:50-07:00,7,119
resume/index.html,116,html,4b6469ca,Rocio,2026-04-03,17:30:50,-07:00,2026-04-03T17:30:50-07:00,7,97
resume/index.html,117,html,4b6469ca,Rocio,2026-04-03,17:30:50,-07:00,2026-04-03T17:30:50-07:00,6,3
resume/index.html,118,html,4b6469ca,Rocio,2026-04-03,17:30:50,-07:00,2026-04-03T17:30:50-07:00,5,8
resume/index.html,119,html,4b6469ca,Rocio,2026-04-03,17:30:50,-07:00,2026-04-03T17:30:50-07:00,4,8
resume/index.html,120,html,4b6469ca,Rocio,2026-04-03,17:30:50,-07:00,2026-04-03T17:30:50-07:00,2,0
resume/index.html,121,html,4b6469ca,Rocio,2026-04-03,17:30:50,-07:00,2026-04-03T17:30:50-07:00,4,7
resume/index.html,122,html,4b6469ca,Rocio,2026-04-03,17:30:50,-07:00,2026-04-03T17:30:50-07:00,5,6
resume/index.html,123,html,4b6469ca,Rocio,2026-04-03,17:30:50,-07:00,2026-04-03T17:30:50-07:00,6,13
resume/index.html,124,html,4b6469ca,Rocio,2026-04-03,17:30:50,-07:00,2026-04-03T17:30:50-07:00,5,7
resume/index.html,125,html,4b6469ca,Rocio,2026-04-03,17:30:50,-07:00,2026-04-03T17:30:50-07:00,5,2
resume/index.html,126,html,4b6469ca,Rocio,2026-04-03,17:30:50,-07:00,2026-04-03T17:30:50-07:00,6,37
resume/index.html,127,html,4b6469ca,Rocio,2026-04-03,17:30:50,-07:00,2026-04-03T17:30:50-07:00,6,22
resume/index.html,128,html,4b6469ca,Rocio,2026-04-03,17:30:50,-07:00,2026-04-03T17:30:50-07:00,6,35
resume/index.html,129,html,4b6469ca,Rocio,2026-04-03,17:30:50,-07:00,2026-04-03T17:30:50-07:00,6,22
resume/index.html,130,html,4b6469ca,Rocio,2026-04-03,17:30:50,-07:00,2026-04-03T17:30:50-07:00,6,20
resume/index.html,131,html,4b6469ca,Rocio,2026-04-03,17:30:50,-07:00,2026-04-03T17:30:50-07:00,6,37
resume/index.html,132,html,4b6469ca,Rocio,2026-04-03,17:30:50,-07:00,2026-04-03T17:30:50-07:00,6,23
resume/index.html,133,html,4b6469ca,Rocio,2026-04-03,17:30:50,-07:00,2026-04-03T17:30:50-07:00,6,22
resume/index.html,134,html,4b6469ca,Rocio,2026-04-03,17:30:50,-07:00,2026-04-03T17:30:50-07:00,6,19
resume/index.html,135,html,4b6469ca,Rocio,2026-04-03,17:30:50,-07:00,2026-04-03T17:30:50-07:00,5,3
resume/index.html,136,html,4b6469ca,Rocio,2026-04-03,17:30:50,-07:00,2026-04-03T17:30:50-07:00,4,8
resume/index.html,137,html,4b6469ca,Rocio,2026-04-03,17:30:50,-07:00,2026-04-03T17:30:50-07:00,3,5
resume/index.html,138,html,4b6469ca,Rocio,2026-04-03,17:30:50,-07:00,2026-04-03T17:30:50-07:00,0,5
resume/index.html,139,html,4b6469ca,Rocio,2026-04-03,17:30:50,-07:00,2026-04-03T17:30:50-07:00,0,5
projects/projects.js,1,js,f3535272,Rocio,2026-05-01,15:19:04,-07:00,2026-05-01T15:19:04-07:00,0,63
projects/projects.js,2,js,22fa34af,Rocio,2026-04-24,18:11:28,-07:00,2026-04-24T18:11:28-07:00,0,55
projects/projects.js,3,js,f3535272,Rocio,2026-05-01,15:19:04,-07:00,2026-05-01T15:19:04-07:00,0,0
projects/projects.js,4,js,22fa34af,Rocio,2026-04-24,18:11:28,-07:00,2026-04-24T18:11:28-07:00,0,55
projects/projects.js,5,js,f3535272,Rocio,2026-05-01,15:19:04,-07:00,2026-05-01T15:19:04-07:00,0,0
projects/projects.js,6,js,22fa34af,Rocio,2026-04-24,18:11:28,-07:00,2026-04-24T18:11:28-07:00,0,60
projects/projects.js,7,js,f3535272,Rocio,2026-05-01,15:19:04,-07:00,2026-05-01T15:19:04-07:00,0,55
projects/projects.js,8,js,f3535272,Rocio,2026-05-01,15:19:04,-07:00,2026-05-01T15:19:04-07:00,0,0
projects/projects.js,9,js,f3535272,Rocio,2026-05-01,15:19:04,-07:00,2026-05-01T15:19:04-07:00,0,13
projects/projects.js,10,js,f3535272,Rocio,2026-05-01,15:19:04,-07:00,2026-05-01T15:19:04-07:00,0,22
projects/projects.js,11,js,f3535272,Rocio,2026-05-01,15:19:04,-07:00,2026-05-01T15:19:04-07:00,0,0
projects/projects.js,12,js,f3535272,Rocio,2026-05-01,15:19:04,-07:00,2026-05-01T15:19:04-07:00,0,61
projects/projects.js,13,js,f3535272,Rocio,2026-05-01,15:19:04,-07:00,2026-05-01T15:19:04-07:00,0,42
projects/projects.js,14,js,f3535272,Rocio,2026-05-01,15:19:04,-07:00,2026-05-01T15:19:04-07:00,0,0
projects/projects.js,15,js,f3535272,Rocio,2026-05-01,15:19:04,-07:00,2026-05-01T15:19:04-07:00,0,36
projects/projects.js,16,js,f3535272,Rocio,2026-05-01,15:19:04,-07:00,2026-05-01T15:19:04-07:00,1,35
projects/projects.js,17,js,f3535272,Rocio,2026-05-01,15:19:04,-07:00,2026-05-01T15:19:04-07:00,2,59
projects/projects.js,18,js,f3535272,Rocio,2026-05-01,15:19:04,-07:00,2026-05-01T15:19:04-07:00,2,42
projects/projects.js,19,js,f3535272,Rocio,2026-05-01,15:19:04,-07:00,2026-05-01T15:19:04-07:00,1,1
projects/projects.js,20,js,f3535272,Rocio,2026-05-01,15:19:04,-07:00,2026-05-01T15:19:04-07:00,0,0
projects/projects.js,21,js,f3535272,Rocio,2026-05-01,15:19:04,-07:00,2026-05-01T15:19:04-07:00,0,0
projects/projects.js,22,js,f3535272,Rocio,2026-05-01,15:19:04,-07:00,2026-05-01T15:19:04-07:00,0,30
projects/projects.js,23,js,f3535272,Rocio,2026-05-01,15:19:04,-07:00,2026-05-01T15:19:04-07:00,2,51
projects/projects.js,24,js,f3535272,Rocio,2026-05-01,15:19:04,-07:00,2026-05-01T15:19:04-07:00,3,59
projects/projects.js,25,js,f3535272,Rocio,2026-05-01,15:19:04,-07:00,2026-05-01T15:19:04-07:00,3,42
projects/projects.js,26,js,f3535272,Rocio,2026-05-01,15:19:04,-07:00,2026-05-01T15:19:04-07:00,2,1
projects/projects.js,27,js,f3535272,Rocio,2026-05-01,15:19:04,-07:00,2026-05-01T15:19:04-07:00,1,0
projects/projects.js,28,js,f3535272,Rocio,2026-05-01,15:19:04,-07:00,2026-05-01T15:19:04-07:00,2,26
projects/projects.js,29,js,f3535272,Rocio,2026-05-01,15:19:04,-07:00,2026-05-01T15:19:04-07:00,3,55
projects/projects.js,30,js,f3535272,Rocio,2026-05-01,15:19:04,-07:00,2026-05-01T15:19:04-07:00,4,51
projects/projects.js,31,js,f3535272,Rocio,2026-05-01,15:19:04,-07:00,2026-05-01T15:19:04-07:00,3,1
projects/projects.js,32,js,f3535272,Rocio,2026-05-01,15:19:04,-07:00,2026-05-01T15:19:04-07:00,2,0
projects/projects.js,33,js,f3535272,Rocio,2026-05-01,15:19:04,-07:00,2026-05-01T15:19:04-07:00,1,0
projects/projects.js,34,js,f3535272,Rocio,2026-05-01,15:19:04,-07:00,2026-05-01T15:19:04-07:00,2,22
projects/projects.js,35,js,f3535272,Rocio,2026-05-01,15:19:04,-07:00,2026-05-01T15:19:04-07:00,1,0
projects/projects.js,36,js,f3535272,Rocio,2026-05-01,15:19:04,-07:00,2026-05-01T15:19:04-07:00,0,0
projects/projects.js,37,js,f3535272,Rocio,2026-05-01,15:19:04,-07:00,2026-05-01T15:19:04-07:00,0,38
projects/projects.js,38,js,f3535272,Rocio,2026-05-01,15:19:04,-07:00,2026-05-01T15:19:04-07:00,1,36
projects/projects.js,39,js,f3535272,Rocio,2026-05-01,15:19:04,-07:00,2026-05-01T15:19:04-07:00,1,32
projects/projects.js,40,js,f3535272,Rocio,2026-05-01,15:19:04,-07:00,2026-05-01T15:19:04-07:00,0,0
projects/projects.js,41,js,f3535272,Rocio,2026-05-01,15:19:04,-07:00,2026-05-01T15:19:04-07:00,1,29
projects/projects.js,42,js,f3535272,Rocio,2026-05-01,15:19:04,-07:00,2026-05-01T15:19:04-07:00,1,30
projects/projects.js,43,js,f3535272,Rocio,2026-05-01,15:19:04,-07:00,2026-05-01T15:19:04-07:00,0,0
projects/projects.js,44,js,f3535272,Rocio,2026-05-01,15:19:04,-07:00,2026-05-01T15:19:04-07:00,1,26
projects/projects.js,45,js,f3535272,Rocio,2026-05-01,15:19:04,-07:00,2026-05-01T15:19:04-07:00,2,12
projects/projects.js,46,js,f3535272,Rocio,2026-05-01,15:19:04,-07:00,2026-05-01T15:19:04-07:00,2,14
projects/projects.js,47,js,f3535272,Rocio,2026-05-01,15:19:04,-07:00,2026-05-01T15:19:04-07:00,2,11
projects/projects.js,48,js,f3535272,Rocio,2026-05-01,15:19:04,-07:00,2026-05-01T15:19:04-07:00,1,0
projects/projects.js,49,js,f3535272,Rocio,2026-05-01,15:19:04,-07:00,2026-05-01T15:19:04-07:00,0,0
projects/projects.js,50,js,f3535272,Rocio,2026-05-01,15:19:04,-07:00,2026-05-01T15:19:04-07:00,1,44
projects/projects.js,51,js,f3535272,Rocio,2026-05-01,15:19:04,-07:00,2026-05-01T15:19:04-07:00,2,6
projects/projects.js,52,js,f3535272,Rocio,2026-05-01,15:19:04,-07:00,2026-05-01T15:19:04-07:00,3,11
projects/projects.js,53,js,f3535272,Rocio,2026-05-01,15:19:04,-07:00,2026-05-01T15:19:04-07:00,3,18
projects/projects.js,54,js,f3535272,Rocio,2026-05-01,15:19:04,-07:00,2026-05-01T15:19:04-07:00,2,0
projects/projects.js,55,js,f3535272,Rocio,2026-05-01,15:19:04,-07:00,2026-05-01T15:19:04-07:00,1,1
projects/projects.js,56,js,f3535272,Rocio,2026-05-01,15:19:04,-07:00,2026-05-01T15:19:04-07:00,0,0
projects/projects.js,57,js,f3535272,Rocio,2026-05-01,15:19:04,-07:00,2026-05-01T15:19:04-07:00,1,57
projects/projects.js,58,js,f3535272,Rocio,2026-05-01,15:19:04,-07:00,2026-05-01T15:19:04-07:00,0,0
projects/projects.js,59,js,f3535272,Rocio,2026-05-01,15:19:04,-07:00,2026-05-01T15:19:04-07:00,1,50
projects/projects.js,60,js,f3535272,Rocio,2026-05-01,15:19:04,-07:00,2026-05-01T15:19:04-07:00,1,33
projects/projects.js,61,js,f3535272,Rocio,2026-05-01,15:19:04,-07:00,2026-05-01T15:19:04-07:00,1,45
projects/projects.js,62,js,f3535272,Rocio,2026-05-01,15:19:04,-07:00,2026-05-01T15:19:04-07:00,0,0
projects/projects.js,63,js,f3535272,Rocio,2026-05-01,15:19:04,-07:00,2026-05-01T15:19:04-07:00,1,47
projects/projects.js,64,js,f3535272,Rocio,2026-05-01,15:19:04,-07:00,2026-05-01T15:19:04-07:00,0,0
projects/projects.js,65,js,f3535272,Rocio,2026-05-01,15:19:04,-07:00,2026-05-01T15:19:04-07:00,1,26
projects/projects.js,66,js,f3535272,Rocio,2026-05-01,15:19:04,-07:00,2026-05-01T15:19:04-07:00,2,25
projects/projects.js,67,js,f3535272,Rocio,2026-05-01,15:19:04,-07:00,2026-05-01T15:19:04-07:00,0,0
projects/projects.js,68,js,f3535272,Rocio,2026-05-01,15:19:04,-07:00,2026-05-01T15:19:04-07:00,2,1
projects/projects.js,69,js,f3535272,Rocio,2026-05-01,15:19:04,-07:00,2026-05-01T15:19:04-07:00,3,13
projects/projects.js,70,js,f3535272,Rocio,2026-05-01,15:19:04,-07:00,2026-05-01T15:19:04-07:00,3,13
projects/projects.js,71,js,f3535272,Rocio,2026-05-01,15:19:04,-07:00,2026-05-01T15:19:04-07:00,3,24
projects/projects.js,72,js,f3535272,Rocio,2026-05-01,15:19:04,-07:00,2026-05-01T15:19:04-07:00,3,53
projects/projects.js,73,js,f3535272,Rocio,2026-05-01,15:19:04,-07:00,2026-05-01T15:19:04-07:00,3,18
projects/projects.js,74,js,f3535272,Rocio,2026-05-01,15:19:04,-07:00,2026-05-01T15:19:04-07:00,4,49
projects/projects.js,75,js,f3535272,Rocio,2026-05-01,15:19:04,-07:00,2026-05-01T15:19:04-07:00,0,0
projects/projects.js,76,js,f3535272,Rocio,2026-05-01,15:19:04,-07:00,2026-05-01T15:19:04-07:00,4,61
projects/projects.js,77,js,f3535272,Rocio,2026-05-01,15:19:04,-07:00,2026-05-01T15:19:04-07:00,4,42
projects/projects.js,78,js,f3535272,Rocio,2026-05-01,15:19:04,-07:00,2026-05-01T15:19:04-07:00,3,1
projects/projects.js,79,js,f3535272,Rocio,2026-05-01,15:19:04,-07:00,2026-05-01T15:19:04-07:00,1,1
projects/projects.js,80,js,f3535272,Rocio,2026-05-01,15:19:04,-07:00,2026-05-01T15:19:04-07:00,0,0
projects/projects.js,81,js,f3535272,Rocio,2026-05-01,15:19:04,-07:00,2026-05-01T15:19:04-07:00,1,24
projects/projects.js,82,js,f3535272,Rocio,2026-05-01,15:19:04,-07:00,2026-05-01T15:19:04-07:00,2,4
projects/projects.js,83,js,f3535272,Rocio,2026-05-01,15:19:04,-07:00,2026-05-01T15:19:04-07:00,3,11
projects/projects.js,84,js,f3535272,Rocio,2026-05-01,15:19:04,-07:00,2026-05-01T15:19:04-07:00,3,39
projects/projects.js,85,js,f3535272,Rocio,2026-05-01,15:19:04,-07:00,2026-05-01T15:19:04-07:00,3,4
projects/projects.js,86,js,f3535272,Rocio,2026-05-01,15:19:04,-07:00,2026-05-01T15:19:04-07:00,4,6
projects/projects.js,87,js,f3535272,Rocio,2026-05-01,15:19:04,-07:00,2026-05-01T15:19:04-07:00,4,63
projects/projects.js,88,js,f3535272,Rocio,2026-05-01,15:19:04,-07:00,2026-05-01T15:19:04-07:00,3,0
projects/projects.js,89,js,f3535272,Rocio,2026-05-01,15:19:04,-07:00,2026-05-01T15:19:04-07:00,3,68
projects/projects.js,90,js,f3535272,Rocio,2026-05-01,15:19:04,-07:00,2026-05-01T15:19:04-07:00,3,18
projects/projects.js,91,js,f3535272,Rocio,2026-05-01,15:19:04,-07:00,2026-05-01T15:19:04-07:00,4,49
projects/projects.js,92,js,f3535272,Rocio,2026-05-01,15:19:04,-07:00,2026-05-01T15:19:04-07:00,0,0
projects/projects.js,93,js,f3535272,Rocio,2026-05-01,15:19:04,-07:00,2026-05-01T15:19:04-07:00,4,61
projects/projects.js,94,js,f3535272,Rocio,2026-05-01,15:19:04,-07:00,2026-05-01T15:19:04-07:00,4,42
projects/projects.js,95,js,f3535272,Rocio,2026-05-01,15:19:04,-07:00,2026-05-01T15:19:04-07:00,3,1
projects/projects.js,96,js,f3535272,Rocio,2026-05-01,15:19:04,-07:00,2026-05-01T15:19:04-07:00,1,1
projects/projects.js,97,js,f3535272,Rocio,2026-05-01,15:19:04,-07:00,2026-05-01T15:19:04-07:00,0,0
projects/projects.js,98,js,f3535272,Rocio,2026-05-01,15:19:04,-07:00,2026-05-01T15:19:04-07:00,0,0
projects/projects.js,99,js,f3535272,Rocio,2026-05-01,15:19:04,-07:00,2026-05-01T15:19:04-07:00,0,48
projects/projects.js,100,js,f3535272,Rocio,2026-05-01,15:19:04,-07:00,2026-05-01T15:19:04-07:00,2,25
projects/projects.js,101,js,f3535272,Rocio,2026-05-01,15:19:04,-07:00,2026-05-01T15:19:04-07:00,1,0
projects/projects.js,102,js,f3535272,Rocio,2026-05-01,15:19:04,-07:00,2026-05-01T15:19:04-07:00,2,61
projects/projects.js,103,js,f3535272,Rocio,2026-05-01,15:19:04,-07:00,2026-05-01T15:19:04-07:00,2,42
projects/projects.js,104,js,f3535272,Rocio,2026-05-01,15:19:04,-07:00,2026-05-01T15:19:04-07:00,1,1
projects/projects.js,105,js,f3535272,Rocio,2026-05-01,15:19:04,-07:00,2026-05-01T15:19:04-07:00,0,0
projects/projects.js,106,js,f3535272,Rocio,2026-05-01,15:19:04,-07:00,2026-05-01T15:19:04-07:00,0,0
projects/index.html,1,html,3711edbc,Rocio,2026-04-03,16:32:58,-07:00,2026-04-03T16:32:58-07:00,0,13
projects/index.html,2,html,3711edbc,Rocio,2026-04-03,16:32:58,-07:00,2026-04-03T16:32:58-07:00,0,14
projects/index.html,3,html,3711edbc,Rocio,2026-04-03,16:32:58,-07:00,2026-04-03T16:32:58-07:00,0,4
projects/index.html,4,html,3711edbc,Rocio,2026-04-03,16:32:58,-07:00,2026-04-03T16:32:58-07:00,2,20
projects/index.html,5,html,3711edbc,Rocio,2026-04-03,16:32:58,-07:00,2026-04-03T16:32:58-07:00,2,68
projects/index.html,6,html,3711edbc,Rocio,2026-04-03,16:32:58,-07:00,2026-04-03T16:32:58-07:00,2,21
projects/index.html,7,html,fd9b78ef,Rocio,2026-04-03,16:55:37,-07:00,2026-04-03T16:55:37-07:00,2,41
projects/index.html,8,html,a2427269,Rocio,2026-04-17,08:13:49,-07:00,2026-04-17T08:13:49-07:00,2,48
projects/index.html,9,html,22fa34af,Rocio,2026-04-24,18:11:28,-07:00,2026-04-24T18:11:28-07:00,2,47
projects/index.html,10,html,3711edbc,Rocio,2026-04-03,16:32:58,-07:00,2026-04-03T16:32:58-07:00,0,5
projects/index.html,11,html,3711edbc,Rocio,2026-04-03,16:32:58,-07:00,2026-04-03T16:32:58-07:00,0,4
projects/index.html,12,html,a2427269,Rocio,2026-04-17,08:13:49,-07:00,2026-04-17T08:13:49-07:00,2,37
projects/index.html,13,html,96bc5f37,Rocio,2026-04-10,14:20:50,-07:00,2026-04-10T14:20:50-07:00,4,30
projects/index.html,14,html,a2427269,Rocio,2026-04-17,08:13:49,-07:00,2026-04-17T08:13:49-07:00,4,43
projects/index.html,15,html,96bc5f37,Rocio,2026-04-10,14:20:50,-07:00,2026-04-10T14:20:50-07:00,4,41
projects/index.html,16,html,96bc5f37,Rocio,2026-04-10,14:20:50,-07:00,2026-04-10T14:20:50-07:00,4,39
projects/index.html,17,html,96bc5f37,Rocio,2026-04-10,14:20:50,-07:00,2026-04-10T14:20:50-07:00,4,67
projects/index.html,18,html,a2427269,Rocio,2026-04-17,08:13:49,-07:00,2026-04-17T08:13:49-07:00,2,8
projects/index.html,19,html,3711edbc,Rocio,2026-04-03,16:32:58,-07:00,2026-04-03T16:32:58-07:00,2,2
projects/index.html,20,html,90e068a5,Rocio,2026-04-03,16:39:35,-07:00,2026-04-03T16:39:35-07:00,4,6
projects/index.html,21,html,90e068a5,Rocio,2026-04-03,16:39:35,-07:00,2026-04-03T16:39:35-07:00,2,3
projects/index.html,22,html,f3535272,Rocio,2026-05-01,15:19:04,-07:00,2026-05-01T15:19:04-07:00,2,27
projects/index.html,23,html,f3535272,Rocio,2026-05-01,15:19:04,-07:00,2026-05-01T15:19:04-07:00,4,54
projects/index.html,24,html,f3535272,Rocio,2026-05-01,15:19:04,-07:00,2026-05-01T15:19:04-07:00,4,22
projects/index.html,25,html,f3535272,Rocio,2026-05-01,15:19:04,-07:00,2026-05-01T15:19:04-07:00,2,4
projects/index.html,26,html,f3535272,Rocio,2026-05-01,15:19:04,-07:00,2026-05-01T15:19:04-07:00,2,4
projects/index.html,27,html,f3535272,Rocio,2026-05-01,15:19:04,-07:00,2026-05-01T15:19:04-07:00,2,15
projects/index.html,28,html,f3535272,Rocio,2026-05-01,15:19:04,-07:00,2026-05-01T15:19:04-07:00,2,11
projects/index.html,29,html,f3535272,Rocio,2026-05-01,15:19:04,-07:00,2026-05-01T15:19:04-07:00,2,26
projects/index.html,30,html,f3535272,Rocio,2026-05-01,15:19:04,-07:00,2026-05-01T15:19:04-07:00,2,31
projects/index.html,31,html,f3535272,Rocio,2026-05-01,15:19:04,-07:00,2026-05-01T15:19:04-07:00,2,0
projects/index.html,32,html,96bc5f37,Rocio,2026-04-10,14:20:50,-07:00,2026-04-10T14:20:50-07:00,2,20
projects/index.html,33,html,22fa34af,Rocio,2026-04-24,18:11:28,-07:00,2026-04-24T18:11:28-07:00,4,12
projects/index.html,34,html,96bc5f37,Rocio,2026-04-10,14:20:50,-07:00,2026-04-10T14:20:50-07:00,6,29
projects/index.html,35,html,96bc5f37,Rocio,2026-04-10,14:20:50,-07:00,2026-04-10T14:20:50-07:00,6,70
projects/index.html,36,html,96bc5f37,Rocio,2026-04-10,14:20:50,-07:00,2026-04-10T14:20:50-07:00,6,235
projects/index.html,37,html,96bc5f37,Rocio,2026-04-10,14:20:50,-07:00,2026-04-10T14:20:50-07:00,4,8
projects/index.html,38,html,96bc5f37,Rocio,2026-04-10,14:20:50,-07:00,2026-04-10T14:20:50-07:00,4,7
projects/index.html,39,html,96bc5f37,Rocio,2026-04-10,14:20:50,-07:00,2026-04-10T14:20:50-07:00,6,28
projects/index.html,40,html,96bc5f37,Rocio,2026-04-10,14:20:50,-07:00,2026-04-10T14:20:50-07:00,6,70
projects/index.html,41,html,96bc5f37,Rocio,2026-04-10,14:20:50,-07:00,2026-04-10T14:20:50-07:00,6,229
projects/index.html,42,html,96bc5f37,Rocio,2026-04-10,14:20:50,-07:00,2026-04-10T14:20:50-07:00,4,8
projects/index.html,43,html,96bc5f37,Rocio,2026-04-10,14:20:50,-07:00,2026-04-10T14:20:50-07:00,4,7
projects/index.html,44,html,96bc5f37,Rocio,2026-04-10,14:20:50,-07:00,2026-04-10T14:20:50-07:00,6,32
projects/index.html,45,html,96bc5f37,Rocio,2026-04-10,14:20:50,-07:00,2026-04-10T14:20:50-07:00,6,70
projects/index.html,46,html,96bc5f37,Rocio,2026-04-10,14:20:50,-07:00,2026-04-10T14:20:50-07:00,6,241
projects/index.html,47,html,96bc5f37,Rocio,2026-04-10,14:20:50,-07:00,2026-04-10T14:20:50-07:00,4,8
projects/index.html,48,html,96bc5f37,Rocio,2026-04-10,14:20:50,-07:00,2026-04-10T14:20:50-07:00,4,7
projects/index.html,49,html,96bc5f37,Rocio,2026-04-10,14:20:50,-07:00,2026-04-10T14:20:50-07:00,6,41
projects/index.html,50,html,96bc5f37,Rocio,2026-04-10,14:20:50,-07:00,2026-04-10T14:20:50-07:00,6,70
projects/index.html,51,html,96bc5f37,Rocio,2026-04-10,14:20:50,-07:00,2026-04-10T14:20:50-07:00,6,247
projects/index.html,52,html,96bc5f37,Rocio,2026-04-10,14:20:50,-07:00,2026-04-10T14:20:50-07:00,4,8
projects/index.html,53,html,96bc5f37,Rocio,2026-04-10,14:20:50,-07:00,2026-04-10T14:20:50-07:00,4,7
projects/index.html,54,html,96bc5f37,Rocio,2026-04-10,14:20:50,-07:00,2026-04-10T14:20:50-07:00,6,45
projects/index.html,55,html,96bc5f37,Rocio,2026-04-10,14:20:50,-07:00,2026-04-10T14:20:50-07:00,6,70
projects/index.html,56,html,96bc5f37,Rocio,2026-04-10,14:20:50,-07:00,2026-04-10T14:20:50-07:00,6,235
projects/index.html,57,html,96bc5f37,Rocio,2026-04-10,14:20:50,-07:00,2026-04-10T14:20:50-07:00,4,8
projects/index.html,58,html,96bc5f37,Rocio,2026-04-10,14:20:50,-07:00,2026-04-10T14:20:50-07:00,4,7
projects/index.html,59,html,96bc5f37,Rocio,2026-04-10,14:20:50,-07:00,2026-04-10T14:20:50-07:00,6,38
projects/index.html,60,html,96bc5f37,Rocio,2026-04-10,14:20:50,-07:00,2026-04-10T14:20:50-07:00,6,70
projects/index.html,61,html,96bc5f37,Rocio,2026-04-10,14:20:50,-07:00,2026-04-10T14:20:50-07:00,6,222
projects/index.html,62,html,96bc5f37,Rocio,2026-04-10,14:20:50,-07:00,2026-04-10T14:20:50-07:00,4,8
projects/index.html,63,html,96bc5f37,Rocio,2026-04-10,14:20:50,-07:00,2026-04-10T14:20:50-07:00,4,7
projects/index.html,64,html,96bc5f37,Rocio,2026-04-10,14:20:50,-07:00,2026-04-10T14:20:50-07:00,6,37
projects/index.html,65,html,96bc5f37,Rocio,2026-04-10,14:20:50,-07:00,2026-04-10T14:20:50-07:00,6,70
projects/index.html,66,html,96bc5f37,Rocio,2026-04-10,14:20:50,-07:00,2026-04-10T14:20:50-07:00,6,269
projects/index.html,67,html,96bc5f37,Rocio,2026-04-10,14:20:50,-07:00,2026-04-10T14:20:50-07:00,4,8
projects/index.html,68,html,96bc5f37,Rocio,2026-04-10,14:20:50,-07:00,2026-04-10T14:20:50-07:00,4,7
projects/index.html,69,html,96bc5f37,Rocio,2026-04-10,14:20:50,-07:00,2026-04-10T14:20:50-07:00,6,33
projects/index.html,70,html,96bc5f37,Rocio,2026-04-10,14:20:50,-07:00,2026-04-10T14:20:50-07:00,6,70
projects/index.html,71,html,96bc5f37,Rocio,2026-04-10,14:20:50,-07:00,2026-04-10T14:20:50-07:00,6,240
projects/index.html,72,html,96bc5f37,Rocio,2026-04-10,14:20:50,-07:00,2026-04-10T14:20:50-07:00,4,8
projects/index.html,73,html,96bc5f37,Rocio,2026-04-10,14:20:50,-07:00,2026-04-10T14:20:50-07:00,4,7
projects/index.html,74,html,96bc5f37,Rocio,2026-04-10,14:20:50,-07:00,2026-04-10T14:20:50-07:00,6,38
projects/index.html,75,html,96bc5f37,Rocio,2026-04-10,14:20:50,-07:00,2026-04-10T14:20:50-07:00,6,70
projects/index.html,76,html,96bc5f37,Rocio,2026-04-10,14:20:50,-07:00,2026-04-10T14:20:50-07:00,6,233
projects/index.html,77,html,96bc5f37,Rocio,2026-04-10,14:20:50,-07:00,2026-04-10T14:20:50-07:00,4,8
projects/index.html,78,html,96bc5f37,Rocio,2026-04-10,14:20:50,-07:00,2026-04-10T14:20:50-07:00,4,7
projects/index.html,79,html,96bc5f37,Rocio,2026-04-10,14:20:50,-07:00,2026-04-10T14:20:50-07:00,6,34
projects/index.html,80,html,96bc5f37,Rocio,2026-04-10,14:20:50,-07:00,2026-04-10T14:20:50-07:00,6,70
projects/index.html,81,html,96bc5f37,Rocio,2026-04-10,14:20:50,-07:00,2026-04-10T14:20:50-07:00,6,249
projects/index.html,82,html,96bc5f37,Rocio,2026-04-10,14:20:50,-07:00,2026-04-10T14:20:50-07:00,4,8
projects/index.html,83,html,96bc5f37,Rocio,2026-04-10,14:20:50,-07:00,2026-04-10T14:20:50-07:00,4,7
projects/index.html,84,html,96bc5f37,Rocio,2026-04-10,14:20:50,-07:00,2026-04-10T14:20:50-07:00,6,41
projects/index.html,85,html,96bc5f37,Rocio,2026-04-10,14:20:50,-07:00,2026-04-10T14:20:50-07:00,6,70
projects/index.html,86,html,96bc5f37,Rocio,2026-04-10,14:20:50,-07:00,2026-04-10T14:20:50-07:00,6,258
projects/index.html,87,html,96bc5f37,Rocio,2026-04-10,14:20:50,-07:00,2026-04-10T14:20:50-07:00,4,8
projects/index.html,88,html,96bc5f37,Rocio,2026-04-10,14:20:50,-07:00,2026-04-10T14:20:50-07:00,4,7
projects/index.html,89,html,96bc5f37,Rocio,2026-04-10,14:20:50,-07:00,2026-04-10T14:20:50-07:00,6,45
projects/index.html,90,html,96bc5f37,Rocio,2026-04-10,14:20:50,-07:00,2026-04-10T14:20:50-07:00,6,70
projects/index.html,91,html,96bc5f37,Rocio,2026-04-10,14:20:50,-07:00,2026-04-10T14:20:50-07:00,6,217
projects/index.html,92,html,22fa34af,Rocio,2026-04-24,18:11:28,-07:00,2026-04-24T18:11:28-07:00,4,12
projects/index.html,93,html,96bc5f37,Rocio,2026-04-10,14:20:50,-07:00,2026-04-10T14:20:50-07:00,2,4
projects/index.html,94,html,22fa34af,Rocio,2026-04-24,18:11:28,-07:00,2026-04-24T18:11:28-07:00,0,0
projects/index.html,95,html,90e068a5,Rocio,2026-04-03,16:39:35,-07:00,2026-04-03T16:39:35-07:00,2,1
projects/index.html,96,html,3711edbc,Rocio,2026-04-03,16:32:58,-07:00,2026-04-03T16:32:58-07:00,4,74
projects/index.html,97,html,3711edbc,Rocio,2026-04-03,16:32:58,-07:00,2026-04-03T16:32:58-07:00,4,81
projects/index.html,98,html,90e068a5,Rocio,2026-04-03,16:39:35,-07:00,2026-04-03T16:39:35-07:00,2,2
projects/index.html,99,html,3711edbc,Rocio,2026-04-03,16:32:58,-07:00,2026-04-03T16:32:58-07:00,0,5
projects/index.html,100,html,3711edbc,Rocio,2026-04-03,16:32:58,-07:00,2026-04-03T16:32:58-07:00,0,5
contact/index.html,1,html,3711edbc,Rocio,2026-04-03,16:32:58,-07:00,2026-04-03T16:32:58-07:00,0,13
contact/index.html,2,html,3711edbc,Rocio,2026-04-03,16:32:58,-07:00,2026-04-03T16:32:58-07:00,0,14
contact/index.html,3,html,3711edbc,Rocio,2026-04-03,16:32:58,-07:00,2026-04-03T16:32:58-07:00,0,4
contact/index.html,4,html,3711edbc,Rocio,2026-04-03,16:32:58,-07:00,2026-04-03T16:32:58-07:00,2,20
contact/index.html,5,html,3711edbc,Rocio,2026-04-03,16:32:58,-07:00,2026-04-03T16:32:58-07:00,2,68
contact/index.html,6,html,3711edbc,Rocio,2026-04-03,16:32:58,-07:00,2026-04-03T16:32:58-07:00,2,20
contact/index.html,7,html,fd9b78ef,Rocio,2026-04-03,16:55:37,-07:00,2026-04-03T16:55:37-07:00,2,41
contact/index.html,8,html,a2427269,Rocio,2026-04-17,08:13:49,-07:00,2026-04-17T08:13:49-07:00,2,48
contact/index.html,9,html,3711edbc,Rocio,2026-04-03,16:32:58,-07:00,2026-04-03T16:32:58-07:00,0,5
contact/index.html,10,html,3711edbc,Rocio,2026-04-03,16:32:58,-07:00,2026-04-03T16:32:58-07:00,0,4
contact/index.html,11,html,a2427269,Rocio,2026-04-17,08:13:49,-07:00,2026-04-17T08:13:49-07:00,2,37
contact/index.html,12,html,96bc5f37,Rocio,2026-04-10,14:20:50,-07:00,2026-04-10T14:20:50-07:00,4,30
contact/index.html,13,html,96bc5f37,Rocio,2026-04-10,14:20:50,-07:00,2026-04-10T14:20:50-07:00,4,43
contact/index.html,14,html,a2427269,Rocio,2026-04-17,08:13:49,-07:00,2026-04-17T08:13:49-07:00,4,41
contact/index.html,15,html,96bc5f37,Rocio,2026-04-10,14:20:50,-07:00,2026-04-10T14:20:50-07:00,4,39
contact/index.html,16,html,96bc5f37,Rocio,2026-04-10,14:20:50,-07:00,2026-04-10T14:20:50-07:00,4,67
contact/index.html,17,html,a2427269,Rocio,2026-04-17,08:13:49,-07:00,2026-04-17T08:13:49-07:00,2,8
contact/index.html,18,html,3711edbc,Rocio,2026-04-03,16:32:58,-07:00,2026-04-03T16:32:58-07:00,2,2
contact/index.html,19,html,90e068a5,Rocio,2026-04-03,16:39:35,-07:00,2026-04-03T16:39:35-07:00,4,5
contact/index.html,20,html,3711edbc,Rocio,2026-04-03,16:32:58,-07:00,2026-04-03T16:32:58-07:00,2,3
contact/index.html,21,html,90e068a5,Rocio,2026-04-03,16:39:35,-07:00,2026-04-03T16:39:35-07:00,2,1
contact/index.html,22,html,90e068a5,Rocio,2026-04-03,16:39:35,-07:00,2026-04-03T16:39:35-07:00,4,61
contact/index.html,23,html,90e068a5,Rocio,2026-04-03,16:39:35,-07:00,2026-04-03T16:39:35-07:00,2,2
contact/index.html,24,html,a2427269,Rocio,2026-04-17,08:13:49,-07:00,2026-04-17T08:13:49-07:00,2,46
contact/index.html,25,html,8153700e,Rocio,2026-04-03,17:17:40,-07:00,2026-04-03T17:17:40-07:00,4,35
contact/index.html,26,html,8153700e,Rocio,2026-04-03,17:17:40,-07:00,2026-04-03T17:17:40-07:00,4,33
contact/index.html,27,html,8153700e,Rocio,2026-04-03,17:17:40,-07:00,2026-04-03T17:17:40-07:00,0,0
contact/index.html,28,html,75447e1b,Rocio,2026-04-03,17:19:46,-07:00,2026-04-03T17:19:46-07:00,4,29
contact/index.html,29,html,8153700e,Rocio,2026-04-03,17:17:40,-07:00,2026-04-03T17:17:40-07:00,4,79
contact/index.html,30,html,8153700e,Rocio,2026-04-03,17:17:40,-07:00,2026-04-03T17:17:40-07:00,3,0
contact/index.html,31,html,4b6469ca,Rocio,2026-04-03,17:30:50,-07:00,2026-04-03T17:30:50-07:00,4,21
contact/index.html,32,html,8153700e,Rocio,2026-04-03,17:17:40,-07:00,2026-04-03T17:17:40-07:00,2,5
contact/index.html,33,html,3711edbc,Rocio,2026-04-03,16:32:58,-07:00,2026-04-03T16:32:58-07:00,0,5
contact/index.html,34,html,3711edbc,Rocio,2026-04-03,16:32:58,-07:00,2026-04-03T16:32:58-07:00,0,5
